s_no,category,is_number,product,qco_title,qco_pdf_url,title,source_id,source_url,date_downloaded
1.,,IS/IEC 62368: Part 1: 2023,Electronic Games (Video),"Electronics & Information Technology Goods (Requirements for Compulsory Registration) Order, 2012 Dated 03 rd October 2012 Notification No. S.O. 2357(E) dated 07 September 2012 Subsequent Amendments Notification No. S.O. 822(E) dated 20 March 2013 S.O. 2033(E) dated 02 July 2013 S.O. 2034(E) dated 25 June 2013 1. Superseded by Electronics and Information Technology Goods (Requirement of Compulsory Registration) Order, 2021 Amendments to the Electronics and Information Technology Goods (Requirements for Compulsory Registration) Order, 2021 S.O.1246 (E) Dated 10 March, 2026",http://crsbis.in/BIS/app_srv/tdc/gl/docs/gazette_notification_2012_10_03.pdf | https://www.bis.gov.in/MandatoryProducts/QCOrder/SO%20No%202357%20(E).pdf | https://www.bis.gov.in/MandatoryProducts/QCOrder/SO%20No%20822%20(E).pdf | https://www.bis.gov.in/MandatoryProducts/QCOrder/SO%20No%202033%20(E).pdf | https://www.bis.gov.in/MandatoryProducts/QCOrder/SO%20No%202034%20(E).pdf | https://www.bis.gov.in/wp-content/uploads/2021/11/Electronics-and-Information-Technology-Goods-Requirement-of-Compulsory-Registration-Order-2021-1.pdf | https://www.bis.gov.in/wp-content/uploads/2026/05/amendments-to-the-Electronics-and-Information-Technology-Goods-Requirements-for-Compulsory-Registration-2021-1.pdf,"Audio/Video, Information and Communication Technology Equipment – Part 1 Safety Requirements",scheme2_page,https://www.bis.gov.in/product-certification/products-under-compulsory-certification/scheme-ii-registration-scheme/?lang=en,2026-09-26
2.,,IS/IEC 62368: Part 1: 2023,Laptop/Notebook/Tablets,"Electronics & Information Technology Goods (Requirements for Compulsory Registration) Order, 2012 Dated 03 rd October 2012 Notification No. S.O. 2357(E) dated 07 September 2012 Subsequent Amendments Notification No. S.O. 822(E) dated 20 March 2013 S.O. 2033(E) dated 02 July 2013 S.O. 2034(E) dated 25 June 2013 1. Superseded by Electronics and Information Technology Goods (Requirement of Compulsory Registration) Order, 2021 Amendments to the Electronics and Information Technology Goods (Requirements for Compulsory Registration) Order, 2021 S.O.1246 (E) Dated 10 March, 2026",http://crsbis.in/BIS/app_srv/tdc/gl/docs/gazette_notification_2012_10_03.pdf | https://www.bis.gov.in/MandatoryProducts/QCOrder/SO%20No%202357%20(E).pdf | https://www.bis.gov.in/MandatoryProducts/QCOrder/SO%20No%20822%20(E).pdf | https://www.bis.gov.in/MandatoryProducts/QCOrder/SO%20No%202033%20(E).pdf | https://www.bis.gov.in/MandatoryProducts/QCOrder/SO%20No%202034%20(E).pdf | https://www.bis.gov.in/wp-content/uploads/2021/11/Electronics-and-Information-Technology-Goods-Requirement-of-Compulsory-Registration-Order-2021-1.pdf | https://www.bis.gov.in/wp-content/uploads/2026/05/amendments-to-the-Electronics-and-Information-Technology-Goods-Requirements-for-Compulsory-Registration-2021-1.pdf,"Audio/Video, Information and Communication Technology Equipment – Part 1 Safety Requirements",scheme2_page,https://www.bis.gov.in/product-certification/products-under-compulsory-certification/scheme-ii-registration-scheme/?lang=en,2026-09-26
3.,,IS/IEC 62368: Part 1: 2023,Plasma/ LCD/LED Televisions of screen size 32″ & above,"Electronics & Information Technology Goods (Requirements for Compulsory Registration) Order, 2012 Dated 03 rd October 2012 Notification No. S.O. 2357(E) dated 07 September 2012 Subsequent Amendments Notification No. S.O. 822(E) dated 20 March 2013 S.O. 2033(E) dated 02 July 2013 S.O. 2034(E) dated 25 June 2013 1. Superseded by Electronics and Information Technology Goods (Requirement of Compulsory Registration) Order, 2021 Amendments to the Electronics and Information Technology Goods (Requirements for Compulsory Registration) Order, 2021 S.O.1246 (E) Dated 10 March, 2026",http://crsbis.in/BIS/app_srv/tdc/gl/docs/gazette_notification_2012_10_03.pdf | https://www.bis.gov.in/MandatoryProducts/QCOrder/SO%20No%202357%20(E).pdf | https://www.bis.gov.in/MandatoryProducts/QCOrder/SO%20No%20822%20(E).pdf | https://www.bis.gov.in/MandatoryProducts/QCOrder/SO%20No%202033%20(E).pdf | https://www.bis.gov.in/MandatoryProducts/QCOrder/SO%20No%202034%20(E).pdf | https://www.bis.gov.in/wp-content/uploads/2021/11/Electronics-and-Information-Technology-Goods-Requirement-of-Compulsory-Registration-Order-2021-1.pdf | https://www.bis.gov.in/wp-content/uploads/2026/05/amendments-to-the-Electronics-and-Information-Technology-Goods-Requirements-for-Compulsory-Registration-2021-1.pdf,"Audio/Video, Information and Communication Technology Equipment – Part 1 Safety Requirements",scheme2_page,https://www.bis.gov.in/product-certification/products-under-compulsory-certification/scheme-ii-registration-scheme/?lang=en,2026-09-26
4.,,IS/IEC 62368: Part 1: 2023,Optical Disc Players with built in amplifiers of input power 200W and above,"Electronics & Information Technology Goods (Requirements for Compulsory Registration) Order, 2012 Dated 03 rd October 2012 Notification No. S.O. 2357(E) dated 07 September 2012 Subsequent Amendments Notification No. S.O. 822(E) dated 20 March 2013 S.O. 2033(E) dated 02 July 2013 S.O. 2034(E) dated 25 June 2013 1. Superseded by Electronics and Information Technology Goods (Requirement of Compulsory Registration) Order, 2021 Amendments to the Electronics and Information Technology Goods (Requirements for Compulsory Registration) Order, 2021 S.O.1246 (E) Dated 10 March, 2026",http://crsbis.in/BIS/app_srv/tdc/gl/docs/gazette_notification_2012_10_03.pdf | https://www.bis.gov.in/MandatoryProducts/QCOrder/SO%20No%202357%20(E).pdf | https://www.bis.gov.in/MandatoryProducts/QCOrder/SO%20No%20822%20(E).pdf | https://www.bis.gov.in/MandatoryProducts/QCOrder/SO%20No%202033%20(E).pdf | https://www.bis.gov.in/MandatoryProducts/QCOrder/SO%20No%202034%20(E).pdf | https://www.bis.gov.in/wp-content/uploads/2021/11/Electronics-and-Information-Technology-Goods-Requirement-of-Compulsory-Registration-Order-2021-1.pdf | https://www.bis.gov.in/wp-content/uploads/2026/05/amendments-to-the-Electronics-and-Information-Technology-Goods-Requirements-for-Compulsory-Registration-2021-1.pdf,"Audio/Video, Information and Communication Technology Equipment – Part 1 Safety Requirements",scheme2_page,https://www.bis.gov.in/product-certification/products-under-compulsory-certification/scheme-ii-registration-scheme/?lang=en,2026-09-26
5.,,IS 302-2-25,Microwave Ovens,"Electronics & Information Technology Goods (Requirements for Compulsory Registration) Order, 2012 Dated 03 rd October 2012 Notification No. S.O. 2357(E) dated 07 September 2012 Subsequent Amendments Notification No. S.O. 822(E) dated 20 March 2013 S.O. 2033(E) dated 02 July 2013 S.O. 2034(E) dated 25 June 2013 1. Superseded by Electronics and Information Technology Goods (Requirement of Compulsory Registration) Order, 2021 Amendments to the Electronics and Information Technology Goods (Requirements for Compulsory Registration) Order, 2021 S.O.1246 (E) Dated 10 March, 2026",http://crsbis.in/BIS/app_srv/tdc/gl/docs/gazette_notification_2012_10_03.pdf | https://www.bis.gov.in/MandatoryProducts/QCOrder/SO%20No%202357%20(E).pdf | https://www.bis.gov.in/MandatoryProducts/QCOrder/SO%20No%20822%20(E).pdf | https://www.bis.gov.in/MandatoryProducts/QCOrder/SO%20No%202033%20(E).pdf | https://www.bis.gov.in/MandatoryProducts/QCOrder/SO%20No%202034%20(E).pdf | https://www.bis.gov.in/wp-content/uploads/2021/11/Electronics-and-Information-Technology-Goods-Requirement-of-Compulsory-Registration-Order-2021-1.pdf | https://www.bis.gov.in/wp-content/uploads/2026/05/amendments-to-the-Electronics-and-Information-Technology-Goods-Requirements-for-Compulsory-Registration-2021-1.pdf,Safety of household and similar electrical appliances: Part 2 Particular requirements: Section 25 Microwave ovens,scheme2_page,https://www.bis.gov.in/product-certification/products-under-compulsory-certification/scheme-ii-registration-scheme/?lang=en,2026-09-26
6.,,IS/IEC 62368: Part 1: 2023,"Visual Display Units, Video Monitors of screen size 32″ & above","Electronics & Information Technology Goods (Requirements for Compulsory Registration) Order, 2012 Dated 03 rd October 2012 Notification No. S.O. 2357(E) dated 07 September 2012 Subsequent Amendments Notification No. S.O. 822(E) dated 20 March 2013 S.O. 2033(E) dated 02 July 2013 S.O. 2034(E) dated 25 June 2013 1. Superseded by Electronics and Information Technology Goods (Requirement of Compulsory Registration) Order, 2021 Amendments to the Electronics and Information Technology Goods (Requirements for Compulsory Registration) Order, 2021 S.O.1246 (E) Dated 10 March, 2026",http://crsbis.in/BIS/app_srv/tdc/gl/docs/gazette_notification_2012_10_03.pdf | https://www.bis.gov.in/MandatoryProducts/QCOrder/SO%20No%202357%20(E).pdf | https://www.bis.gov.in/MandatoryProducts/QCOrder/SO%20No%20822%20(E).pdf | https://www.bis.gov.in/MandatoryProducts/QCOrder/SO%20No%202033%20(E).pdf | https://www.bis.gov.in/MandatoryProducts/QCOrder/SO%20No%202034%20(E).pdf | https://www.bis.gov.in/wp-content/uploads/2021/11/Electronics-and-Information-Technology-Goods-Requirement-of-Compulsory-Registration-Order-2021-1.pdf | https://www.bis.gov.in/wp-content/uploads/2026/05/amendments-to-the-Electronics-and-Information-Technology-Goods-Requirements-for-Compulsory-Registration-2021-1.pdf,"Audio/Video, Information and Communication Technology Equipment – Part 1 Safety Requirements",scheme2_page,https://www.bis.gov.in/product-certification/products-under-compulsory-certification/scheme-ii-registration-scheme/?lang=en,2026-09-26
7.,,IS/IEC 62368: Part 1: 2023,"Printers, Plotters","Electronics & Information Technology Goods (Requirements for Compulsory Registration) Order, 2012 Dated 03 rd October 2012 Notification No. S.O. 2357(E) dated 07 September 2012 Subsequent Amendments Notification No. S.O. 822(E) dated 20 March 2013 S.O. 2033(E) dated 02 July 2013 S.O. 2034(E) dated 25 June 2013 1. Superseded by Electronics and Information Technology Goods (Requirement of Compulsory Registration) Order, 2021 Amendments to the Electronics and Information Technology Goods (Requirements for Compulsory Registration) Order, 2021 S.O.1246 (E) Dated 10 March, 2026",http://crsbis.in/BIS/app_srv/tdc/gl/docs/gazette_notification_2012_10_03.pdf | https://www.bis.gov.in/MandatoryProducts/QCOrder/SO%20No%202357%20(E).pdf | https://www.bis.gov.in/MandatoryProducts/QCOrder/SO%20No%20822%20(E).pdf | https://www.bis.gov.in/MandatoryProducts/QCOrder/SO%20No%202033%20(E).pdf | https://www.bis.gov.in/MandatoryProducts/QCOrder/SO%20No%202034%20(E).pdf | https://www.bis.gov.in/wp-content/uploads/2021/11/Electronics-and-Information-Technology-Goods-Requirement-of-Compulsory-Registration-Order-2021-1.pdf | https://www.bis.gov.in/wp-content/uploads/2026/05/amendments-to-the-Electronics-and-Information-Technology-Goods-Requirements-for-Compulsory-Registration-2021-1.pdf,"Audio/Video, Information and Communication Technology Equipment – Part 1 Safety Requirements",scheme2_page,https://www.bis.gov.in/product-certification/products-under-compulsory-certification/scheme-ii-registration-scheme/?lang=en,2026-09-26
8.,,IS/IEC 62368: Part 1: 2023,Scanners,"Electronics & Information Technology Goods (Requirements for Compulsory Registration) Order, 2012 Dated 03 rd October 2012 Notification No. S.O. 2357(E) dated 07 September 2012 Subsequent Amendments Notification No. S.O. 822(E) dated 20 March 2013 S.O. 2033(E) dated 02 July 2013 S.O. 2034(E) dated 25 June 2013 1. Superseded by Electronics and Information Technology Goods (Requirement of Compulsory Registration) Order, 2021 Amendments to the Electronics and Information Technology Goods (Requirements for Compulsory Registration) Order, 2021 S.O.1246 (E) Dated 10 March, 2026",http://crsbis.in/BIS/app_srv/tdc/gl/docs/gazette_notification_2012_10_03.pdf | https://www.bis.gov.in/MandatoryProducts/QCOrder/SO%20No%202357%20(E).pdf | https://www.bis.gov.in/MandatoryProducts/QCOrder/SO%20No%20822%20(E).pdf | https://www.bis.gov.in/MandatoryProducts/QCOrder/SO%20No%202033%20(E).pdf | https://www.bis.gov.in/MandatoryProducts/QCOrder/SO%20No%202034%20(E).pdf | https://www.bis.gov.in/wp-content/uploads/2021/11/Electronics-and-Information-Technology-Goods-Requirement-of-Compulsory-Registration-Order-2021-1.pdf | https://www.bis.gov.in/wp-content/uploads/2026/05/amendments-to-the-Electronics-and-Information-Technology-Goods-Requirements-for-Compulsory-Registration-2021-1.pdf,"Audio/Video, Information and Communication Technology Equipment – Part 1 Safety Requirements",scheme2_page,https://www.bis.gov.in/product-certification/products-under-compulsory-certification/scheme-ii-registration-scheme/?lang=en,2026-09-26
9.,,IS/IEC 62368: Part 1: 2023,Wireless Keyboards,"Electronics & Information Technology Goods (Requirements for Compulsory Registration) Order, 2012 Dated 03 rd October 2012 Notification No. S.O. 2357(E) dated 07 September 2012 Subsequent Amendments Notification No. S.O. 822(E) dated 20 March 2013 S.O. 2033(E) dated 02 July 2013 S.O. 2034(E) dated 25 June 2013 1. Superseded by Electronics and Information Technology Goods (Requirement of Compulsory Registration) Order, 2021 Amendments to the Electronics and Information Technology Goods (Requirements for Compulsory Registration) Order, 2021 S.O.1246 (E) Dated 10 March, 2026",http://crsbis.in/BIS/app_srv/tdc/gl/docs/gazette_notification_2012_10_03.pdf | https://www.bis.gov.in/MandatoryProducts/QCOrder/SO%20No%202357%20(E).pdf | https://www.bis.gov.in/MandatoryProducts/QCOrder/SO%20No%20822%20(E).pdf | https://www.bis.gov.in/MandatoryProducts/QCOrder/SO%20No%202033%20(E).pdf | https://www.bis.gov.in/MandatoryProducts/QCOrder/SO%20No%202034%20(E).pdf | https://www.bis.gov.in/wp-content/uploads/2021/11/Electronics-and-Information-Technology-Goods-Requirement-of-Compulsory-Registration-Order-2021-1.pdf | https://www.bis.gov.in/wp-content/uploads/2026/05/amendments-to-the-Electronics-and-Information-Technology-Goods-Requirements-for-Compulsory-Registration-2021-1.pdf,"Audio/Video, Information and Communication Technology Equipment – Part 1 Safety Requirements",scheme2_page,https://www.bis.gov.in/product-certification/products-under-compulsory-certification/scheme-ii-registration-scheme/?lang=en,2026-09-26
10.,,IS/IEC 62368: Part 1: 2023,Telephone Answering Machines,"Electronics & Information Technology Goods (Requirements for Compulsory Registration) Order, 2012 Dated 03 rd October 2012 Notification No. S.O. 2357(E) dated 07 September 2012 Subsequent Amendments Notification No. S.O. 822(E) dated 20 March 2013 S.O. 2033(E) dated 02 July 2013 S.O. 2034(E) dated 25 June 2013 1. Superseded by Electronics and Information Technology Goods (Requirement of Compulsory Registration) Order, 2021 Amendments to the Electronics and Information Technology Goods (Requirements for Compulsory Registration) Order, 2021 S.O.1246 (E) Dated 10 March, 2026",http://crsbis.in/BIS/app_srv/tdc/gl/docs/gazette_notification_2012_10_03.pdf | https://www.bis.gov.in/MandatoryProducts/QCOrder/SO%20No%202357%20(E).pdf | https://www.bis.gov.in/MandatoryProducts/QCOrder/SO%20No%20822%20(E).pdf | https://www.bis.gov.in/MandatoryProducts/QCOrder/SO%20No%202033%20(E).pdf | https://www.bis.gov.in/MandatoryProducts/QCOrder/SO%20No%202034%20(E).pdf | https://www.bis.gov.in/wp-content/uploads/2021/11/Electronics-and-Information-Technology-Goods-Requirement-of-Compulsory-Registration-Order-2021-1.pdf | https://www.bis.gov.in/wp-content/uploads/2026/05/amendments-to-the-Electronics-and-Information-Technology-Goods-Requirements-for-Compulsory-Registration-2021-1.pdf,"Audio/Video, Information and Communication Technology Equipment – Part 1 Safety Requirements",scheme2_page,https://www.bis.gov.in/product-certification/products-under-compulsory-certification/scheme-ii-registration-scheme/?lang=en,2026-09-26
11.,,IS/IEC 62368: Part 1: 2023,Amplifiers with input power 2000W and above,"Electronics & Information Technology Goods (Requirements for Compulsory Registration) Order, 2012 Dated 03 rd October 2012 Notification No. S.O. 2357(E) dated 07 September 2012 Subsequent Amendments Notification No. S.O. 822(E) dated 20 March 2013 S.O. 2033(E) dated 02 July 2013 S.O. 2034(E) dated 25 June 2013 1. Superseded by Electronics and Information Technology Goods (Requirement of Compulsory Registration) Order, 2021 Amendments to the Electronics and Information Technology Goods (Requirements for Compulsory Registration) Order, 2021 S.O.1246 (E) Dated 10 March, 2026",http://crsbis.in/BIS/app_srv/tdc/gl/docs/gazette_notification_2012_10_03.pdf | https://www.bis.gov.in/MandatoryProducts/QCOrder/SO%20No%202357%20(E).pdf | https://www.bis.gov.in/MandatoryProducts/QCOrder/SO%20No%20822%20(E).pdf | https://www.bis.gov.in/MandatoryProducts/QCOrder/SO%20No%202033%20(E).pdf | https://www.bis.gov.in/MandatoryProducts/QCOrder/SO%20No%202034%20(E).pdf | https://www.bis.gov.in/wp-content/uploads/2021/11/Electronics-and-Information-Technology-Goods-Requirement-of-Compulsory-Registration-Order-2021-1.pdf | https://www.bis.gov.in/wp-content/uploads/2026/05/amendments-to-the-Electronics-and-Information-Technology-Goods-Requirements-for-Compulsory-Registration-2021-1.pdf,"Audio/Video, Information and Communication Technology Equipment – Part 1 Safety Requirements",scheme2_page,https://www.bis.gov.in/product-certification/products-under-compulsory-certification/scheme-ii-registration-scheme/?lang=en,2026-09-26
12.,,IS/IEC 62368: Part 1: 2023,Electronic Musical Systems with input power 200W and above,"Electronics & Information Technology Goods (Requirements for Compulsory Registration) Order, 2012 Dated 03 rd October 2012 Notification No. S.O. 2357(E) dated 07 September 2012 Subsequent Amendments Notification No. S.O. 822(E) dated 20 March 2013 S.O. 2033(E) dated 02 July 2013 S.O. 2034(E) dated 25 June 2013 1. Superseded by Electronics and Information Technology Goods (Requirement of Compulsory Registration) Order, 2021 Amendments to the Electronics and Information Technology Goods (Requirements for Compulsory Registration) Order, 2021 S.O.1246 (E) Dated 10 March, 2026",http://crsbis.in/BIS/app_srv/tdc/gl/docs/gazette_notification_2012_10_03.pdf | https://www.bis.gov.in/MandatoryProducts/QCOrder/SO%20No%202357%20(E).pdf | https://www.bis.gov.in/MandatoryProducts/QCOrder/SO%20No%20822%20(E).pdf | https://www.bis.gov.in/MandatoryProducts/QCOrder/SO%20No%202033%20(E).pdf | https://www.bis.gov.in/MandatoryProducts/QCOrder/SO%20No%202034%20(E).pdf | https://www.bis.gov.in/wp-content/uploads/2021/11/Electronics-and-Information-Technology-Goods-Requirement-of-Compulsory-Registration-Order-2021-1.pdf | https://www.bis.gov.in/wp-content/uploads/2026/05/amendments-to-the-Electronics-and-Information-Technology-Goods-Requirements-for-Compulsory-Registration-2021-1.pdf,"Audio/Video, Information and Communication Technology Equipment – Part 1 Safety Requirements",scheme2_page,https://www.bis.gov.in/product-certification/products-under-compulsory-certification/scheme-ii-registration-scheme/?lang=en,2026-09-26
13.,,IS 302-2:26,Electronic Clocks with Mains Powers,"Electronics & Information Technology Goods (Requirements for Compulsory Registration) Order, 2012 Dated 03 rd October 2012 Notification No. S.O. 2357(E) dated 07 September 2012 Subsequent Amendments Notification No. S.O. 822(E) dated 20 March 2013 S.O. 2033(E) dated 02 July 2013 S.O. 2034(E) dated 25 June 2013 1. Superseded by Electronics and Information Technology Goods (Requirement of Compulsory Registration) Order, 2021 Amendments to the Electronics and Information Technology Goods (Requirements for Compulsory Registration) Order, 2021 S.O.1246 (E) Dated 10 March, 2026",http://crsbis.in/BIS/app_srv/tdc/gl/docs/gazette_notification_2012_10_03.pdf | https://www.bis.gov.in/MandatoryProducts/QCOrder/SO%20No%202357%20(E).pdf | https://www.bis.gov.in/MandatoryProducts/QCOrder/SO%20No%20822%20(E).pdf | https://www.bis.gov.in/MandatoryProducts/QCOrder/SO%20No%202033%20(E).pdf | https://www.bis.gov.in/MandatoryProducts/QCOrder/SO%20No%202034%20(E).pdf | https://www.bis.gov.in/wp-content/uploads/2021/11/Electronics-and-Information-Technology-Goods-Requirement-of-Compulsory-Registration-Order-2021-1.pdf | https://www.bis.gov.in/wp-content/uploads/2026/05/amendments-to-the-Electronics-and-Information-Technology-Goods-Requirements-for-Compulsory-Registration-2021-1.pdf,Safety of household and similar electrical appliances: Part 2 Particular requirements: Section 26 Clocks,scheme2_page,https://www.bis.gov.in/product-certification/products-under-compulsory-certification/scheme-ii-registration-scheme/?lang=en,2026-09-26
14.,,IS/IEC 62368: Part 1: 2023,Set Top Box,"Electronics & Information Technology Goods (Requirements for Compulsory Registration) Order, 2012 Dated 03 rd October 2012 Notification No. S.O. 2357(E) dated 07 September 2012 Subsequent Amendments Notification No. S.O. 822(E) dated 20 March 2013 S.O. 2033(E) dated 02 July 2013 S.O. 2034(E) dated 25 June 2013 1. Superseded by Electronics and Information Technology Goods (Requirement of Compulsory Registration) Order, 2021 Amendments to the Electronics and Information Technology Goods (Requirements for Compulsory Registration) Order, 2021 S.O.1246 (E) Dated 10 March, 2026",http://crsbis.in/BIS/app_srv/tdc/gl/docs/gazette_notification_2012_10_03.pdf | https://www.bis.gov.in/MandatoryProducts/QCOrder/SO%20No%202357%20(E).pdf | https://www.bis.gov.in/MandatoryProducts/QCOrder/SO%20No%20822%20(E).pdf | https://www.bis.gov.in/MandatoryProducts/QCOrder/SO%20No%202033%20(E).pdf | https://www.bis.gov.in/MandatoryProducts/QCOrder/SO%20No%202034%20(E).pdf | https://www.bis.gov.in/wp-content/uploads/2021/11/Electronics-and-Information-Technology-Goods-Requirement-of-Compulsory-Registration-Order-2021-1.pdf | https://www.bis.gov.in/wp-content/uploads/2026/05/amendments-to-the-Electronics-and-Information-Technology-Goods-Requirements-for-Compulsory-Registration-2021-1.pdf,"Audio/Video, Information and Communication Technology Equipment – Part 1 Safety Requirements",scheme2_page,https://www.bis.gov.in/product-certification/products-under-compulsory-certification/scheme-ii-registration-scheme/?lang=en,2026-09-26
15.,,IS/IEC 62368: Part 1: 2023,Automatic Data Processing Machine,"Electronics & Information Technology Goods (Requirements for Compulsory Registration) Order, 2012 Dated 03 rd October 2012 Notification No. S.O. 2357(E) dated 07 September 2012 Subsequent Amendments Notification No. S.O. 822(E) dated 20 March 2013 S.O. 2033(E) dated 02 July 2013 S.O. 2034(E) dated 25 June 2013 1. Superseded by Electronics and Information Technology Goods (Requirement of Compulsory Registration) Order, 2021 Amendments to the Electronics and Information Technology Goods (Requirements for Compulsory Registration) Order, 2021 S.O.1246 (E) Dated 10 March, 2026",http://crsbis.in/BIS/app_srv/tdc/gl/docs/gazette_notification_2012_10_03.pdf | https://www.bis.gov.in/MandatoryProducts/QCOrder/SO%20No%202357%20(E).pdf | https://www.bis.gov.in/MandatoryProducts/QCOrder/SO%20No%20822%20(E).pdf | https://www.bis.gov.in/MandatoryProducts/QCOrder/SO%20No%202033%20(E).pdf | https://www.bis.gov.in/MandatoryProducts/QCOrder/SO%20No%202034%20(E).pdf | https://www.bis.gov.in/wp-content/uploads/2021/11/Electronics-and-Information-Technology-Goods-Requirement-of-Compulsory-Registration-Order-2021-1.pdf | https://www.bis.gov.in/wp-content/uploads/2026/05/amendments-to-the-Electronics-and-Information-Technology-Goods-Requirements-for-Compulsory-Registration-2021-1.pdf,"Audio/Video, Information and Communication Technology Equipment – Part 1 Safety Requirements",scheme2_page,https://www.bis.gov.in/product-certification/products-under-compulsory-certification/scheme-ii-registration-scheme/?lang=en,2026-09-26
16.,,IS/IEC 62368: Part 1: 2023,Power Adaptors for IT Equipments,"Electronics & Information Technology Goods (Requirements for Compulsory Registration) Order, 2012 Dated 13th November 2012 Notification No. S.O. 2905(E) dated 07 November 2014 Extension Order for Implementation of Compulsory Registration Order for Select Products included in Schedule of Gazette notified on 30.11.2014 Subsequent Amendments Notification No. S.O. 344(E) dated 30 November 2015 S.O. 2578(E) dated 07 August 2015 Superseded by Electronics and Information Technology Goods (Requirement of Compulsory Registration) Order, 2021 Amendments to the Electronics and Information Technology Goods (Requirements for Compulsory Registration) Order, 2021 S.O.1246 (E) Dated 10 March, 2026",http://crsbis.in/BIS/app_srv/tdc/gl/docs/gazette_notification_2012_10_03.pdf | https://www.bis.gov.in/MandatoryProducts/QCOrder/SO%20No%202905%20(E).pdf | http://crsbis.in/BIS/app_srv/tdc/gl/docs/extension_order.pdf | https://www.bis.gov.in/MandatoryProducts/QCOrder/SO%20No%20344%20(E).pdf | https://www.bis.gov.in/MandatoryProducts/QCOrder/SO%20No%202578%20(E).pdf | https://www.bis.gov.in/wp-content/uploads/2021/11/Electronics-and-Information-Technology-Goods-Requirement-of-Compulsory-Registration-Order-2021-1.pdf | https://www.bis.gov.in/wp-content/uploads/2026/05/amendments-to-the-Electronics-and-Information-Technology-Goods-Requirements-for-Compulsory-Registration-2021-1.pdf,"Audio/Video, Information and Communication Technology Equipment – Part 1 Safety Requirements",scheme2_page,https://www.bis.gov.in/product-certification/products-under-compulsory-certification/scheme-ii-registration-scheme/?lang=en,2026-09-26
17.,,IS/IEC 62368: Part 1: 2023,"Power Adaptors for Audio, Video & Similar Electronic Apparatus","Electronics & Information Technology Goods (Requirements for Compulsory Registration) Order, 2012 Dated 13th November 2012 Notification No. S.O. 2905(E) dated 07 November 2014 Extension Order for Implementation of Compulsory Registration Order for Select Products included in Schedule of Gazette notified on 30.11.2014 Subsequent Amendments Notification No. S.O. 344(E) dated 30 November 2015 S.O. 2578(E) dated 07 August 2015 Superseded by Electronics and Information Technology Goods (Requirement of Compulsory Registration) Order, 2021 Amendments to the Electronics and Information Technology Goods (Requirements for Compulsory Registration) Order, 2021 S.O.1246 (E) Dated 10 March, 2026",http://crsbis.in/BIS/app_srv/tdc/gl/docs/gazette_notification_2012_10_03.pdf | https://www.bis.gov.in/MandatoryProducts/QCOrder/SO%20No%202905%20(E).pdf | http://crsbis.in/BIS/app_srv/tdc/gl/docs/extension_order.pdf | https://www.bis.gov.in/MandatoryProducts/QCOrder/SO%20No%20344%20(E).pdf | https://www.bis.gov.in/MandatoryProducts/QCOrder/SO%20No%202578%20(E).pdf | https://www.bis.gov.in/wp-content/uploads/2021/11/Electronics-and-Information-Technology-Goods-Requirement-of-Compulsory-Registration-Order-2021-1.pdf | https://www.bis.gov.in/wp-content/uploads/2026/05/amendments-to-the-Electronics-and-Information-Technology-Goods-Requirements-for-Compulsory-Registration-2021-1.pdf,"Audio/Video, Information and Communication Technology Equipment – Part 1 Safety Requirements",scheme2_page,https://www.bis.gov.in/product-certification/products-under-compulsory-certification/scheme-ii-registration-scheme/?lang=en,2026-09-26
18.,,IS 16242 (Part 1),UPS/Invertors of rating≤5kVA,"Electronics & Information Technology Goods (Requirements for Compulsory Registration) Order, 2012 Dated 13th November 2012 Notification No. S.O. 2905(E) dated 07 November 2014 Extension Order for Implementation of Compulsory Registration Order for Select Products included in Schedule of Gazette notified on 30.11.2014 Subsequent Amendments Notification No. S.O. 344(E) dated 30 November 2015 S.O. 2578(E) dated 07 August 2015 Superseded by Electronics and Information Technology Goods (Requirement of Compulsory Registration) Order, 2021 Amendments to the Electronics and Information Technology Goods (Requirements for Compulsory Registration) Order, 2021 S.O.1246 (E) Dated 10 March, 2026",http://crsbis.in/BIS/app_srv/tdc/gl/docs/gazette_notification_2012_10_03.pdf | https://www.bis.gov.in/MandatoryProducts/QCOrder/SO%20No%202905%20(E).pdf | http://crsbis.in/BIS/app_srv/tdc/gl/docs/extension_order.pdf | https://www.bis.gov.in/MandatoryProducts/QCOrder/SO%20No%20344%20(E).pdf | https://www.bis.gov.in/MandatoryProducts/QCOrder/SO%20No%202578%20(E).pdf | https://www.bis.gov.in/wp-content/uploads/2021/11/Electronics-and-Information-Technology-Goods-Requirement-of-Compulsory-Registration-Order-2021-1.pdf | https://www.bis.gov.in/wp-content/uploads/2026/05/amendments-to-the-Electronics-and-Information-Technology-Goods-Requirements-for-Compulsory-Registration-2021-1.pdf,General and Safety Requirements for UPS,scheme2_page,https://www.bis.gov.in/product-certification/products-under-compulsory-certification/scheme-ii-registration-scheme/?lang=en,2026-09-26
19.,,IS 15885 (Part 2/Sec 13),DC or AC Supplied Electronic Control gear for LED Modules,"Electronics & Information Technology Goods (Requirements for Compulsory Registration) Order, 2012 Dated 13th November 2012 Notification No. S.O. 2905(E) dated 07 November 2014 Extension Order for Implementation of Compulsory Registration Order for Select Products included in Schedule of Gazette notified on 30.11.2014 Subsequent Amendments Notification No. S.O. 344(E) dated 30 November 2015 S.O. 2578(E) dated 07 August 2015 Superseded by Electronics and Information Technology Goods (Requirement of Compulsory Registration) Order, 2021 Amendments to the Electronics and Information Technology Goods (Requirements for Compulsory Registration) Order, 2021 S.O.1246 (E) Dated 10 March, 2026",http://crsbis.in/BIS/app_srv/tdc/gl/docs/gazette_notification_2012_10_03.pdf | https://www.bis.gov.in/MandatoryProducts/QCOrder/SO%20No%202905%20(E).pdf | http://crsbis.in/BIS/app_srv/tdc/gl/docs/extension_order.pdf | https://www.bis.gov.in/MandatoryProducts/QCOrder/SO%20No%20344%20(E).pdf | https://www.bis.gov.in/MandatoryProducts/QCOrder/SO%20No%202578%20(E).pdf | https://www.bis.gov.in/wp-content/uploads/2021/11/Electronics-and-Information-Technology-Goods-Requirement-of-Compulsory-Registration-Order-2021-1.pdf | https://www.bis.gov.in/wp-content/uploads/2026/05/amendments-to-the-Electronics-and-Information-Technology-Goods-Requirements-for-Compulsory-Registration-2021-1.pdf,Safety of Lamp Control gear Part 2 Particular Requirements Section 13 d.c. or a.c. Supplied Electronic Control gear for LED Modules,scheme2_page,https://www.bis.gov.in/product-certification/products-under-compulsory-certification/scheme-ii-registration-scheme/?lang=en,2026-09-26
20.,,IS 16046,Sealed Secondary Cells/Batteries containing Alkaline or other non-acid Electrolytes for use in portable applications,"Electronics & Information Technology Goods (Requirements for Compulsory Registration) Order, 2012 Dated 13th November 2012 Notification No. S.O. 2905(E) dated 07 November 2014 Extension Order for Implementation of Compulsory Registration Order for Select Products included in Schedule of Gazette notified on 30.11.2014 Subsequent Amendments Notification No. S.O. 344(E) dated 30 November 2015 S.O. 2578(E) dated 07 August 2015 Superseded by Electronics and Information Technology Goods (Requirement of Compulsory Registration) Order, 2021 Amendments to the Electronics and Information Technology Goods (Requirements for Compulsory Registration) Order, 2021 S.O.1246 (E) Dated 10 March, 2026",http://crsbis.in/BIS/app_srv/tdc/gl/docs/gazette_notification_2012_10_03.pdf | https://www.bis.gov.in/MandatoryProducts/QCOrder/SO%20No%202905%20(E).pdf | http://crsbis.in/BIS/app_srv/tdc/gl/docs/extension_order.pdf | https://www.bis.gov.in/MandatoryProducts/QCOrder/SO%20No%20344%20(E).pdf | https://www.bis.gov.in/MandatoryProducts/QCOrder/SO%20No%202578%20(E).pdf | https://www.bis.gov.in/wp-content/uploads/2021/11/Electronics-and-Information-Technology-Goods-Requirement-of-Compulsory-Registration-Order-2021-1.pdf | https://www.bis.gov.in/wp-content/uploads/2026/05/amendments-to-the-Electronics-and-Information-Technology-Goods-Requirements-for-Compulsory-Registration-2021-1.pdf,"Secondary Cells and Batteries containing Alkaline or other non-acid Electrolytes-Safety Requirements for Portable sealed secondary cells, and for Batteries made from them for use in portable applications",scheme2_page,https://www.bis.gov.in/product-certification/products-under-compulsory-certification/scheme-ii-registration-scheme/?lang=en,2026-09-26
21.,,IS 16102(Part 1),Self-Ballasted LED Lamps for General Lighting Services,"Electronics & Information Technology Goods (Requirements for Compulsory Registration) Order, 2012 Dated 13th November 2012 Notification No. S.O. 2905(E) dated 07 November 2014 Extension Order for Implementation of Compulsory Registration Order for Select Products included in Schedule of Gazette notified on 30.11.2014 Subsequent Amendments Notification No. S.O. 344(E) dated 30 November 2015 S.O. 2578(E) dated 07 August 2015 Superseded by Electronics and Information Technology Goods (Requirement of Compulsory Registration) Order, 2021 Amendments to the Electronics and Information Technology Goods (Requirements for Compulsory Registration) Order, 2021 S.O.1246 (E) Dated 10 March, 2026",http://crsbis.in/BIS/app_srv/tdc/gl/docs/gazette_notification_2012_10_03.pdf | https://www.bis.gov.in/MandatoryProducts/QCOrder/SO%20No%202905%20(E).pdf | http://crsbis.in/BIS/app_srv/tdc/gl/docs/extension_order.pdf | https://www.bis.gov.in/MandatoryProducts/QCOrder/SO%20No%20344%20(E).pdf | https://www.bis.gov.in/MandatoryProducts/QCOrder/SO%20No%202578%20(E).pdf | https://www.bis.gov.in/wp-content/uploads/2021/11/Electronics-and-Information-Technology-Goods-Requirement-of-Compulsory-Registration-Order-2021-1.pdf | https://www.bis.gov.in/wp-content/uploads/2026/05/amendments-to-the-Electronics-and-Information-Technology-Goods-Requirements-for-Compulsory-Registration-2021-1.pdf,Self-Ballasted LED Lamps for General Lighting Services Part 1 Safety Requirements,scheme2_page,https://www.bis.gov.in/product-certification/products-under-compulsory-certification/scheme-ii-registration-scheme/?lang=en,2026-09-26
22.,,10322 (Part 5/Sec 1),Fixed General Purpose LED Luminaries,"Electronics & Information Technology Goods (Requirements for Compulsory Registration) Order, 2012 Dated 13th November 2012 Notification No. S.O. 2905(E) dated 07 November 2014 Extension Order for Implementation of Compulsory Registration Order for Select Products included in Schedule of Gazette notified on 30.11.2014 Subsequent Amendments Notification No. S.O. 344(E) dated 30 November 2015 S.O. 2578(E) dated 07 August 2015 Superseded by Electronics and Information Technology Goods (Requirement of Compulsory Registration) Order, 2021 Amendments to the Electronics and Information Technology Goods (Requirements for Compulsory Registration) Order, 2021 S.O.1246 (E) Dated 10 March, 2026",http://crsbis.in/BIS/app_srv/tdc/gl/docs/gazette_notification_2012_10_03.pdf | https://www.bis.gov.in/MandatoryProducts/QCOrder/SO%20No%202905%20(E).pdf | http://crsbis.in/BIS/app_srv/tdc/gl/docs/extension_order.pdf | https://www.bis.gov.in/MandatoryProducts/QCOrder/SO%20No%20344%20(E).pdf | https://www.bis.gov.in/MandatoryProducts/QCOrder/SO%20No%202578%20(E).pdf | https://www.bis.gov.in/wp-content/uploads/2021/11/Electronics-and-Information-Technology-Goods-Requirement-of-Compulsory-Registration-Order-2021-1.pdf | https://www.bis.gov.in/wp-content/uploads/2026/05/amendments-to-the-Electronics-and-Information-Technology-Goods-Requirements-for-Compulsory-Registration-2021-1.pdf,Luminaries Part 5 Particular Requirements Sec 1 Fixed General purpose luminaries,scheme2_page,https://www.bis.gov.in/product-certification/products-under-compulsory-certification/scheme-ii-registration-scheme/?lang=en,2026-09-26
23.,,IS/IEC 62368: Part 1: 2023,Mobile Phones,"Electronics & Information Technology Goods (Requirements for Compulsory Registration) Order, 2012 Dated 13th November 2012 Notification No. S.O. 2905(E) dated 07 November 2014 Extension Order for Implementation of Compulsory Registration Order for Select Products included in Schedule of Gazette notified on 30.11.2014 Subsequent Amendments Notification No. S.O. 344(E) dated 30 November 2015 S.O. 2578(E) dated 07 August 2015 Superseded by Electronics and Information Technology Goods (Requirement of Compulsory Registration) Order, 2021 Amendments to the Electronics and Information Technology Goods (Requirements for Compulsory Registration) Order, 2021 S.O.1246 (E) Dated 10 March, 2026",http://crsbis.in/BIS/app_srv/tdc/gl/docs/gazette_notification_2012_10_03.pdf | https://www.bis.gov.in/MandatoryProducts/QCOrder/SO%20No%202905%20(E).pdf | http://crsbis.in/BIS/app_srv/tdc/gl/docs/extension_order.pdf | https://www.bis.gov.in/MandatoryProducts/QCOrder/SO%20No%20344%20(E).pdf | https://www.bis.gov.in/MandatoryProducts/QCOrder/SO%20No%202578%20(E).pdf | https://www.bis.gov.in/wp-content/uploads/2021/11/Electronics-and-Information-Technology-Goods-Requirement-of-Compulsory-Registration-Order-2021-1.pdf | https://www.bis.gov.in/wp-content/uploads/2026/05/amendments-to-the-Electronics-and-Information-Technology-Goods-Requirements-for-Compulsory-Registration-2021-1.pdf,"Audio/Video, Information and Communication Technology Equipment – Part 1 Safety Requirements",scheme2_page,https://www.bis.gov.in/product-certification/products-under-compulsory-certification/scheme-ii-registration-scheme/?lang=en,2026-09-26
24.,,IS/IEC 62368: Part 1: 2023,Cash Registers,"Electronics & Information Technology Goods (Requirements for Compulsory Registration) Order, 2012 Dated 13th November 2012 Notification No. S.O. 2905(E) dated 07 November 2014 Extension Order for Implementation of Compulsory Registration Order for Select Products included in Schedule of Gazette notified on 30.11.2014 Subsequent Amendments Notification No. S.O. 344(E) dated 30 November 2015 S.O. 2578(E) dated 07 August 2015 Superseded by Electronics and Information Technology Goods (Requirement of Compulsory Registration) Order, 2021 Amendments to the Electronics and Information Technology Goods (Requirements for Compulsory Registration) Order, 2021 S.O.1246 (E) Dated 10 March, 2026",http://crsbis.in/BIS/app_srv/tdc/gl/docs/gazette_notification_2012_10_03.pdf | https://www.bis.gov.in/MandatoryProducts/QCOrder/SO%20No%202905%20(E).pdf | http://crsbis.in/BIS/app_srv/tdc/gl/docs/extension_order.pdf | https://www.bis.gov.in/MandatoryProducts/QCOrder/SO%20No%20344%20(E).pdf | https://www.bis.gov.in/MandatoryProducts/QCOrder/SO%20No%202578%20(E).pdf | https://www.bis.gov.in/wp-content/uploads/2021/11/Electronics-and-Information-Technology-Goods-Requirement-of-Compulsory-Registration-Order-2021-1.pdf | https://www.bis.gov.in/wp-content/uploads/2026/05/amendments-to-the-Electronics-and-Information-Technology-Goods-Requirements-for-Compulsory-Registration-2021-1.pdf,"Audio/Video, Information and Communication Technology Equipment – Part 1 Safety Requirements",scheme2_page,https://www.bis.gov.in/product-certification/products-under-compulsory-certification/scheme-ii-registration-scheme/?lang=en,2026-09-26
25.,,IS/IEC 62368: Part 1: 2023,Point of Sale Terminals,"Electronics & Information Technology Goods (Requirements for Compulsory Registration) Order, 2012 Dated 13th November 2012 Notification No. S.O. 2905(E) dated 07 November 2014 Extension Order for Implementation of Compulsory Registration Order for Select Products included in Schedule of Gazette notified on 30.11.2014 Subsequent Amendments Notification No. S.O. 344(E) dated 30 November 2015 S.O. 2578(E) dated 07 August 2015 Superseded by Electronics and Information Technology Goods (Requirement of Compulsory Registration) Order, 2021 Amendments to the Electronics and Information Technology Goods (Requirements for Compulsory Registration) Order, 2021 S.O.1246 (E) Dated 10 March, 2026",http://crsbis.in/BIS/app_srv/tdc/gl/docs/gazette_notification_2012_10_03.pdf | https://www.bis.gov.in/MandatoryProducts/QCOrder/SO%20No%202905%20(E).pdf | http://crsbis.in/BIS/app_srv/tdc/gl/docs/extension_order.pdf | https://www.bis.gov.in/MandatoryProducts/QCOrder/SO%20No%20344%20(E).pdf | https://www.bis.gov.in/MandatoryProducts/QCOrder/SO%20No%202578%20(E).pdf | https://www.bis.gov.in/wp-content/uploads/2021/11/Electronics-and-Information-Technology-Goods-Requirement-of-Compulsory-Registration-Order-2021-1.pdf | https://www.bis.gov.in/wp-content/uploads/2026/05/amendments-to-the-Electronics-and-Information-Technology-Goods-Requirements-for-Compulsory-Registration-2021-1.pdf,"Audio/Video, Information and Communication Technology Equipment – Part 1 Safety Requirements",scheme2_page,https://www.bis.gov.in/product-certification/products-under-compulsory-certification/scheme-ii-registration-scheme/?lang=en,2026-09-26
26.,,IS/IEC 62368: Part 1: 2023,Copying Machines/Duplicators,"Electronics & Information Technology Goods (Requirements for Compulsory Registration) Order, 2012 Dated 13th November 2012 Notification No. S.O. 2905(E) dated 07 November 2014 Extension Order for Implementation of Compulsory Registration Order for Select Products included in Schedule of Gazette notified on 30.11.2014 Subsequent Amendments Notification No. S.O. 344(E) dated 30 November 2015 S.O. 2578(E) dated 07 August 2015 Superseded by Electronics and Information Technology Goods (Requirement of Compulsory Registration) Order, 2021 Amendments to the Electronics and Information Technology Goods (Requirements for Compulsory Registration) Order, 2021 S.O.1246 (E) Dated 10 March, 2026",http://crsbis.in/BIS/app_srv/tdc/gl/docs/gazette_notification_2012_10_03.pdf | https://www.bis.gov.in/MandatoryProducts/QCOrder/SO%20No%202905%20(E).pdf | http://crsbis.in/BIS/app_srv/tdc/gl/docs/extension_order.pdf | https://www.bis.gov.in/MandatoryProducts/QCOrder/SO%20No%20344%20(E).pdf | https://www.bis.gov.in/MandatoryProducts/QCOrder/SO%20No%202578%20(E).pdf | https://www.bis.gov.in/wp-content/uploads/2021/11/Electronics-and-Information-Technology-Goods-Requirement-of-Compulsory-Registration-Order-2021-1.pdf | https://www.bis.gov.in/wp-content/uploads/2026/05/amendments-to-the-Electronics-and-Information-Technology-Goods-Requirements-for-Compulsory-Registration-2021-1.pdf,"Audio/Video, Information and Communication Technology Equipment – Part 1 Safety Requirements",scheme2_page,https://www.bis.gov.in/product-certification/products-under-compulsory-certification/scheme-ii-registration-scheme/?lang=en,2026-09-26
27.,,IS/IEC 62368: Part 1: 2023,Smart Card Readers,"Electronics & Information Technology Goods (Requirements for Compulsory Registration) Order, 2012 Dated 13th November 2012 Notification No. S.O. 2905(E) dated 07 November 2014 Extension Order for Implementation of Compulsory Registration Order for Select Products included in Schedule of Gazette notified on 30.11.2014 Subsequent Amendments Notification No. S.O. 344(E) dated 30 November 2015 S.O. 2578(E) dated 07 August 2015 Superseded by Electronics and Information Technology Goods (Requirement of Compulsory Registration) Order, 2021 Amendments to the Electronics and Information Technology Goods (Requirements for Compulsory Registration) Order, 2021 S.O.1246 (E) Dated 10 March, 2026",http://crsbis.in/BIS/app_srv/tdc/gl/docs/gazette_notification_2012_10_03.pdf | https://www.bis.gov.in/MandatoryProducts/QCOrder/SO%20No%202905%20(E).pdf | http://crsbis.in/BIS/app_srv/tdc/gl/docs/extension_order.pdf | https://www.bis.gov.in/MandatoryProducts/QCOrder/SO%20No%20344%20(E).pdf | https://www.bis.gov.in/MandatoryProducts/QCOrder/SO%20No%202578%20(E).pdf | https://www.bis.gov.in/wp-content/uploads/2021/11/Electronics-and-Information-Technology-Goods-Requirement-of-Compulsory-Registration-Order-2021-1.pdf | https://www.bis.gov.in/wp-content/uploads/2026/05/amendments-to-the-Electronics-and-Information-Technology-Goods-Requirements-for-Compulsory-Registration-2021-1.pdf,"Audio/Video, Information and Communication Technology Equipment – Part 1 Safety Requirements",scheme2_page,https://www.bis.gov.in/product-certification/products-under-compulsory-certification/scheme-ii-registration-scheme/?lang=en,2026-09-26
28.,,IS/IEC 62368: Part 1: 2023,Mail Processing Machines/Postage Machines/Franking Machines,"Electronics & Information Technology Goods (Requirements for Compulsory Registration) Order, 2012 Dated 13th November 2012 Notification No. S.O. 2905(E) dated 07 November 2014 Extension Order for Implementation of Compulsory Registration Order for Select Products included in Schedule of Gazette notified on 30.11.2014 Subsequent Amendments Notification No. S.O. 344(E) dated 30 November 2015 S.O. 2578(E) dated 07 August 2015 Superseded by Electronics and Information Technology Goods (Requirement of Compulsory Registration) Order, 2021 Amendments to the Electronics and Information Technology Goods (Requirements for Compulsory Registration) Order, 2021 S.O.1246 (E) Dated 10 March, 2026",http://crsbis.in/BIS/app_srv/tdc/gl/docs/gazette_notification_2012_10_03.pdf | https://www.bis.gov.in/MandatoryProducts/QCOrder/SO%20No%202905%20(E).pdf | http://crsbis.in/BIS/app_srv/tdc/gl/docs/extension_order.pdf | https://www.bis.gov.in/MandatoryProducts/QCOrder/SO%20No%20344%20(E).pdf | https://www.bis.gov.in/MandatoryProducts/QCOrder/SO%20No%202578%20(E).pdf | https://www.bis.gov.in/wp-content/uploads/2021/11/Electronics-and-Information-Technology-Goods-Requirement-of-Compulsory-Registration-Order-2021-1.pdf | https://www.bis.gov.in/wp-content/uploads/2026/05/amendments-to-the-Electronics-and-Information-Technology-Goods-Requirements-for-Compulsory-Registration-2021-1.pdf,"Audio/Video, Information and Communication Technology Equipment – Part 1 Safety Requirements",scheme2_page,https://www.bis.gov.in/product-certification/products-under-compulsory-certification/scheme-ii-registration-scheme/?lang=en,2026-09-26
29.,,IS/IEC 62368: Part 1: 2023,Passport Reader,"Electronics & Information Technology Goods (Requirements for Compulsory Registration) Order, 2012 Dated 13th November 2012 Notification No. S.O. 2905(E) dated 07 November 2014 Extension Order for Implementation of Compulsory Registration Order for Select Products included in Schedule of Gazette notified on 30.11.2014 Subsequent Amendments Notification No. S.O. 344(E) dated 30 November 2015 S.O. 2578(E) dated 07 August 2015 Superseded by Electronics and Information Technology Goods (Requirement of Compulsory Registration) Order, 2021 Amendments to the Electronics and Information Technology Goods (Requirements for Compulsory Registration) Order, 2021 S.O.1246 (E) Dated 10 March, 2026",http://crsbis.in/BIS/app_srv/tdc/gl/docs/gazette_notification_2012_10_03.pdf | https://www.bis.gov.in/MandatoryProducts/QCOrder/SO%20No%202905%20(E).pdf | http://crsbis.in/BIS/app_srv/tdc/gl/docs/extension_order.pdf | https://www.bis.gov.in/MandatoryProducts/QCOrder/SO%20No%20344%20(E).pdf | https://www.bis.gov.in/MandatoryProducts/QCOrder/SO%20No%202578%20(E).pdf | https://www.bis.gov.in/wp-content/uploads/2021/11/Electronics-and-Information-Technology-Goods-Requirement-of-Compulsory-Registration-Order-2021-1.pdf | https://www.bis.gov.in/wp-content/uploads/2026/05/amendments-to-the-Electronics-and-Information-Technology-Goods-Requirements-for-Compulsory-Registration-2021-1.pdf,"Audio/Video, Information and Communication Technology Equipment – Part 1 Safety Requirements",scheme2_page,https://www.bis.gov.in/product-certification/products-under-compulsory-certification/scheme-ii-registration-scheme/?lang=en,2026-09-26
30.,,IS/IEC 62368: Part 1: 2023,Power Banks for use in portable applications,"Electronics & Information Technology Goods (Requirements for Compulsory Registration) Order, 2012 Dated 13th November 2012 Notification No. S.O. 2905(E) dated 07 November 2014 Extension Order for Implementation of Compulsory Registration Order for Select Products included in Schedule of Gazette notified on 30.11.2014 Subsequent Amendments Notification No. S.O. 344(E) dated 30 November 2015 S.O. 2578(E) dated 07 August 2015 Superseded by Electronics and Information Technology Goods (Requirement of Compulsory Registration) Order, 2021 Amendments to the Electronics and Information Technology Goods (Requirements for Compulsory Registration) Order, 2021 S.O.1246 (E) Dated 10 March, 2026",http://crsbis.in/BIS/app_srv/tdc/gl/docs/gazette_notification_2012_10_03.pdf | https://www.bis.gov.in/MandatoryProducts/QCOrder/SO%20No%202905%20(E).pdf | http://crsbis.in/BIS/app_srv/tdc/gl/docs/extension_order.pdf | https://www.bis.gov.in/MandatoryProducts/QCOrder/SO%20No%20344%20(E).pdf | https://www.bis.gov.in/MandatoryProducts/QCOrder/SO%20No%202578%20(E).pdf | https://www.bis.gov.in/wp-content/uploads/2021/11/Electronics-and-Information-Technology-Goods-Requirement-of-Compulsory-Registration-Order-2021-1.pdf | https://www.bis.gov.in/wp-content/uploads/2026/05/amendments-to-the-Electronics-and-Information-Technology-Goods-Requirements-for-Compulsory-Registration-2021-1.pdf,"Audio/Video, Information and Communication Technology Equipment – Part 1 Safety Requirements",scheme2_page,https://www.bis.gov.in/product-certification/products-under-compulsory-certification/scheme-ii-registration-scheme/?lang=en,2026-09-26
31.,,IS 16333 (Part-3),Mobile Phones,"SO No. Nil dated 24th Oct 2016 Date of Implementation 1st July 2017 Superseded by Electronics and Information Technology Goods (Requirement of Compulsory Registration) Order, 2021 Amendments to the Electronics and Information Technology Goods (Requirements for Compulsory Registration) Order, 2021 S.O.1246 (E) Dated 10 March, 2026",https://www.bis.gov.in/MandatoryProducts/QCOrder/16333.pdf | https://www.bis.gov.in/wp-content/uploads/2021/11/Electronics-and-Information-Technology-Goods-Requirement-of-Compulsory-Registration-Order-2021-1.pdf | https://www.bis.gov.in/wp-content/uploads/2026/05/amendments-to-the-Electronics-and-Information-Technology-Goods-Requirements-for-Compulsory-Registration-2021-1.pdf,Mobile Phone Handsets Part 3 Indian Language Support for Mobile Phone Handsets – Specific Requirements,scheme2_page,https://www.bis.gov.in/product-certification/products-under-compulsory-certification/scheme-ii-registration-scheme/?lang=en,2026-09-26
32.,,IS 10322 (Part 5/Section 2): 2012,Recessed LED Luminaries,"SO 2742 (E), dated 17th August 2017 Superseded by Electronics and Information Technology Goods (Requirement of Compulsory Registration) Order, 2021 Essential Requirement(s) for CCTV as per Annexure S.O. 1652 (E), dated 9th April 2024 Amendments to the Electronics and Information Technology Goods (Requirements for Compulsory Registration) Order, 2021 S.O.1246 (E) Dated 10 March, 2026",https://www.bis.gov.in/MandatoryProducts/QCOrder/2742.pdf | https://www.bis.gov.in/wp-content/uploads/2021/11/Electronics-and-Information-Technology-Goods-Requirement-of-Compulsory-Registration-Order-2021-1.pdf | https://www.bis.gov.in/wp-content/uploads/2024/04/CCTV-Camera-CRO-2021.pdf | https://www.bis.gov.in/wp-content/uploads/2026/05/amendments-to-the-Electronics-and-Information-Technology-Goods-Requirements-for-Compulsory-Registration-2021-1.pdf,Luminaires Part 5: Particular Requirements Section 2 Recessed Luminaires,scheme2_page,https://www.bis.gov.in/product-certification/products-under-compulsory-certification/scheme-ii-registration-scheme/?lang=en,2026-09-26
33.,,IS 10322 (Part 5/Section 3): 2012,LED Luminaires for Road and Street lighting,"SO 2742 (E), dated 17th August 2017 Superseded by Electronics and Information Technology Goods (Requirement of Compulsory Registration) Order, 2021 Essential Requirement(s) for CCTV as per Annexure S.O. 1652 (E), dated 9th April 2024 Amendments to the Electronics and Information Technology Goods (Requirements for Compulsory Registration) Order, 2021 S.O.1246 (E) Dated 10 March, 2026",https://www.bis.gov.in/MandatoryProducts/QCOrder/2742.pdf | https://www.bis.gov.in/wp-content/uploads/2021/11/Electronics-and-Information-Technology-Goods-Requirement-of-Compulsory-Registration-Order-2021-1.pdf | https://www.bis.gov.in/wp-content/uploads/2024/04/CCTV-Camera-CRO-2021.pdf | https://www.bis.gov.in/wp-content/uploads/2026/05/amendments-to-the-Electronics-and-Information-Technology-Goods-Requirements-for-Compulsory-Registration-2021-1.pdf,Luminaires – Part 5: Particular Requirements Section 3 Luminaires for Road and Street Lighting,scheme2_page,https://www.bis.gov.in/product-certification/products-under-compulsory-certification/scheme-ii-registration-scheme/?lang=en,2026-09-26
34.,,IS 10322 (Part 5/Section 5): 2013,LED Flood Lights,"SO 2742 (E), dated 17th August 2017 Superseded by Electronics and Information Technology Goods (Requirement of Compulsory Registration) Order, 2021 Essential Requirement(s) for CCTV as per Annexure S.O. 1652 (E), dated 9th April 2024 Amendments to the Electronics and Information Technology Goods (Requirements for Compulsory Registration) Order, 2021 S.O.1246 (E) Dated 10 March, 2026",https://www.bis.gov.in/MandatoryProducts/QCOrder/2742.pdf | https://www.bis.gov.in/wp-content/uploads/2021/11/Electronics-and-Information-Technology-Goods-Requirement-of-Compulsory-Registration-Order-2021-1.pdf | https://www.bis.gov.in/wp-content/uploads/2024/04/CCTV-Camera-CRO-2021.pdf | https://www.bis.gov.in/wp-content/uploads/2026/05/amendments-to-the-Electronics-and-Information-Technology-Goods-Requirements-for-Compulsory-Registration-2021-1.pdf,Luminaires – Part 5: Particular Requirements Section 5 Flood Lights,scheme2_page,https://www.bis.gov.in/product-certification/products-under-compulsory-certification/scheme-ii-registration-scheme/?lang=en,2026-09-26
35.,,IS 10322 (Part 5/Section 6): 2013,LED Hand lamps,"SO 2742 (E), dated 17th August 2017 Superseded by Electronics and Information Technology Goods (Requirement of Compulsory Registration) Order, 2021 Essential Requirement(s) for CCTV as per Annexure S.O. 1652 (E), dated 9th April 2024 Amendments to the Electronics and Information Technology Goods (Requirements for Compulsory Registration) Order, 2021 S.O.1246 (E) Dated 10 March, 2026",https://www.bis.gov.in/MandatoryProducts/QCOrder/2742.pdf | https://www.bis.gov.in/wp-content/uploads/2021/11/Electronics-and-Information-Technology-Goods-Requirement-of-Compulsory-Registration-Order-2021-1.pdf | https://www.bis.gov.in/wp-content/uploads/2024/04/CCTV-Camera-CRO-2021.pdf | https://www.bis.gov.in/wp-content/uploads/2026/05/amendments-to-the-Electronics-and-Information-Technology-Goods-Requirements-for-Compulsory-Registration-2021-1.pdf,Luminaires – Part 5: Particular Requirements Section 6 Hamp Lamps,scheme2_page,https://www.bis.gov.in/product-certification/products-under-compulsory-certification/scheme-ii-registration-scheme/?lang=en,2026-09-26
36.,,IS 10322 (Part 5/Section 7): 2013,LED Lighting Chains,"SO 2742 (E), dated 17th August 2017 Superseded by Electronics and Information Technology Goods (Requirement of Compulsory Registration) Order, 2021 Essential Requirement(s) for CCTV as per Annexure S.O. 1652 (E), dated 9th April 2024 Amendments to the Electronics and Information Technology Goods (Requirements for Compulsory Registration) Order, 2021 S.O.1246 (E) Dated 10 March, 2026",https://www.bis.gov.in/MandatoryProducts/QCOrder/2742.pdf | https://www.bis.gov.in/wp-content/uploads/2021/11/Electronics-and-Information-Technology-Goods-Requirement-of-Compulsory-Registration-Order-2021-1.pdf | https://www.bis.gov.in/wp-content/uploads/2024/04/CCTV-Camera-CRO-2021.pdf | https://www.bis.gov.in/wp-content/uploads/2026/05/amendments-to-the-Electronics-and-Information-Technology-Goods-Requirements-for-Compulsory-Registration-2021-1.pdf,Luminaires – Part 5: Particular Requirements Section 7 Lighting Chains,scheme2_page,https://www.bis.gov.in/product-certification/products-under-compulsory-certification/scheme-ii-registration-scheme/?lang=en,2026-09-26
37.,,IS 10322 (Part 5/Section 8): 2013,LED Luminaires for Emergency Lighting,"SO 2742 (E), dated 17th August 2017 Superseded by Electronics and Information Technology Goods (Requirement of Compulsory Registration) Order, 2021 Essential Requirement(s) for CCTV as per Annexure S.O. 1652 (E), dated 9th April 2024 Amendments to the Electronics and Information Technology Goods (Requirements for Compulsory Registration) Order, 2021 S.O.1246 (E) Dated 10 March, 2026",https://www.bis.gov.in/MandatoryProducts/QCOrder/2742.pdf | https://www.bis.gov.in/wp-content/uploads/2021/11/Electronics-and-Information-Technology-Goods-Requirement-of-Compulsory-Registration-Order-2021-1.pdf | https://www.bis.gov.in/wp-content/uploads/2024/04/CCTV-Camera-CRO-2021.pdf | https://www.bis.gov.in/wp-content/uploads/2026/05/amendments-to-the-Electronics-and-Information-Technology-Goods-Requirements-for-Compulsory-Registration-2021-1.pdf,Luminaires – Part 5: Particular Requirements Section 8 Luminaires for Emergency Lighting,scheme2_page,https://www.bis.gov.in/product-certification/products-under-compulsory-certification/scheme-ii-registration-scheme/?lang=en,2026-09-26
38.,,IS 16242 (Part 1):2014,UPS/Inverters of rating ≤ 10kVA,"SO 2742 (E), dated 17th August 2017 Superseded by Electronics and Information Technology Goods (Requirement of Compulsory Registration) Order, 2021 Essential Requirement(s) for CCTV as per Annexure S.O. 1652 (E), dated 9th April 2024 Amendments to the Electronics and Information Technology Goods (Requirements for Compulsory Registration) Order, 2021 S.O.1246 (E) Dated 10 March, 2026",https://www.bis.gov.in/MandatoryProducts/QCOrder/2742.pdf | https://www.bis.gov.in/wp-content/uploads/2021/11/Electronics-and-Information-Technology-Goods-Requirement-of-Compulsory-Registration-Order-2021-1.pdf | https://www.bis.gov.in/wp-content/uploads/2024/04/CCTV-Camera-CRO-2021.pdf | https://www.bis.gov.in/wp-content/uploads/2026/05/amendments-to-the-Electronics-and-Information-Technology-Goods-Requirements-for-Compulsory-Registration-2021-1.pdf,General and Safety Requirements for UPS,scheme2_page,https://www.bis.gov.in/product-certification/products-under-compulsory-certification/scheme-ii-registration-scheme/?lang=en,2026-09-26
39.,,IS/IEC 62368: Part 1: 2023,Plasma/ LCD/LED Television of screen size up-to 32”,"SO 2742 (E), dated 17th August 2017 Superseded by Electronics and Information Technology Goods (Requirement of Compulsory Registration) Order, 2021 Essential Requirement(s) for CCTV as per Annexure S.O. 1652 (E), dated 9th April 2024 Amendments to the Electronics and Information Technology Goods (Requirements for Compulsory Registration) Order, 2021 S.O.1246 (E) Dated 10 March, 2026",https://www.bis.gov.in/MandatoryProducts/QCOrder/2742.pdf | https://www.bis.gov.in/wp-content/uploads/2021/11/Electronics-and-Information-Technology-Goods-Requirement-of-Compulsory-Registration-Order-2021-1.pdf | https://www.bis.gov.in/wp-content/uploads/2024/04/CCTV-Camera-CRO-2021.pdf | https://www.bis.gov.in/wp-content/uploads/2026/05/amendments-to-the-Electronics-and-Information-Technology-Goods-Requirements-for-Compulsory-Registration-2021-1.pdf,"Audio/Video, Information and Communication Technology Equipment – Part 1 Safety Requirements",scheme2_page,https://www.bis.gov.in/product-certification/products-under-compulsory-certification/scheme-ii-registration-scheme/?lang=en,2026-09-26
40.,,IS/IEC 62368: Part 1: 2023,"Visual Display Units, Video Monitors of screen size up-to 32”","SO 2742 (E), dated 17th August 2017 Superseded by Electronics and Information Technology Goods (Requirement of Compulsory Registration) Order, 2021 Essential Requirement(s) for CCTV as per Annexure S.O. 1652 (E), dated 9th April 2024 Amendments to the Electronics and Information Technology Goods (Requirements for Compulsory Registration) Order, 2021 S.O.1246 (E) Dated 10 March, 2026",https://www.bis.gov.in/MandatoryProducts/QCOrder/2742.pdf | https://www.bis.gov.in/wp-content/uploads/2021/11/Electronics-and-Information-Technology-Goods-Requirement-of-Compulsory-Registration-Order-2021-1.pdf | https://www.bis.gov.in/wp-content/uploads/2024/04/CCTV-Camera-CRO-2021.pdf | https://www.bis.gov.in/wp-content/uploads/2026/05/amendments-to-the-Electronics-and-Information-Technology-Goods-Requirements-for-Compulsory-Registration-2021-1.pdf,"Audio/Video, Information and Communication Technology Equipment – Part 1 Safety Requirements",scheme2_page,https://www.bis.gov.in/product-certification/products-under-compulsory-certification/scheme-ii-registration-scheme/?lang=en,2026-09-26
41.,,IS/IEC 62368: Part 1: 2023,CCTV Cameras/CCTV Recorders,"SO 2742 (E), dated 17th August 2017 Superseded by Electronics and Information Technology Goods (Requirement of Compulsory Registration) Order, 2021 Essential Requirement(s) for CCTV as per Annexure S.O. 1652 (E), dated 9th April 2024 Amendments to the Electronics and Information Technology Goods (Requirements for Compulsory Registration) Order, 2021 S.O.1246 (E) Dated 10 March, 2026",https://www.bis.gov.in/MandatoryProducts/QCOrder/2742.pdf | https://www.bis.gov.in/wp-content/uploads/2021/11/Electronics-and-Information-Technology-Goods-Requirement-of-Compulsory-Registration-Order-2021-1.pdf | https://www.bis.gov.in/wp-content/uploads/2024/04/CCTV-Camera-CRO-2021.pdf | https://www.bis.gov.in/wp-content/uploads/2026/05/amendments-to-the-Electronics-and-Information-Technology-Goods-Requirements-for-Compulsory-Registration-2021-1.pdf,"Audio/Video, Information and Communication Technology Equipment – Part 1 Safety Requirements",scheme2_page,https://www.bis.gov.in/product-certification/products-under-compulsory-certification/scheme-ii-registration-scheme/?lang=en,2026-09-26
42.,,IS 302 (Part 1): 2008,Adapters for household and similar electrical appliances,"SO 2742 (E), dated 17th August 2017 Superseded by Electronics and Information Technology Goods (Requirement of Compulsory Registration) Order, 2021 Essential Requirement(s) for CCTV as per Annexure S.O. 1652 (E), dated 9th April 2024 Amendments to the Electronics and Information Technology Goods (Requirements for Compulsory Registration) Order, 2021 S.O.1246 (E) Dated 10 March, 2026",https://www.bis.gov.in/MandatoryProducts/QCOrder/2742.pdf | https://www.bis.gov.in/wp-content/uploads/2021/11/Electronics-and-Information-Technology-Goods-Requirement-of-Compulsory-Registration-Order-2021-1.pdf | https://www.bis.gov.in/wp-content/uploads/2024/04/CCTV-Camera-CRO-2021.pdf | https://www.bis.gov.in/wp-content/uploads/2026/05/amendments-to-the-Electronics-and-Information-Technology-Goods-Requirements-for-Compulsory-Registration-2021-1.pdf,Safety of Household and similar electrical appliances Part 1 General requirements,scheme2_page,https://www.bis.gov.in/product-certification/products-under-compulsory-certification/scheme-ii-registration-scheme/?lang=en,2026-09-26
43.,,IS/IEC 62368: Part 1: 2023,"USB driven Barcode readers, barcode scanners, Iris scanners, Optical fingerprint scanners","SO 2742 (E), dated 17th August 2017 Superseded by Electronics and Information Technology Goods (Requirement of Compulsory Registration) Order, 2021 Essential Requirement(s) for CCTV as per Annexure S.O. 1652 (E), dated 9th April 2024 Amendments to the Electronics and Information Technology Goods (Requirements for Compulsory Registration) Order, 2021 S.O.1246 (E) Dated 10 March, 2026",https://www.bis.gov.in/MandatoryProducts/QCOrder/2742.pdf | https://www.bis.gov.in/wp-content/uploads/2021/11/Electronics-and-Information-Technology-Goods-Requirement-of-Compulsory-Registration-Order-2021-1.pdf | https://www.bis.gov.in/wp-content/uploads/2024/04/CCTV-Camera-CRO-2021.pdf | https://www.bis.gov.in/wp-content/uploads/2026/05/amendments-to-the-Electronics-and-Information-Technology-Goods-Requirements-for-Compulsory-Registration-2021-1.pdf,"Audio/Video, Information and Communication Technology Equipment – Part 1 Safety Requirements",scheme2_page,https://www.bis.gov.in/product-certification/products-under-compulsory-certification/scheme-ii-registration-scheme/?lang=en,2026-09-26
44.,,IS/IEC 62368: Part 1: 2023,Smart watches,"SO 2742 (E), dated 17th August 2017 Superseded by Electronics and Information Technology Goods (Requirement of Compulsory Registration) Order, 2021 Essential Requirement(s) for CCTV as per Annexure S.O. 1652 (E), dated 9th April 2024 Amendments to the Electronics and Information Technology Goods (Requirements for Compulsory Registration) Order, 2021 S.O.1246 (E) Dated 10 March, 2026",https://www.bis.gov.in/MandatoryProducts/QCOrder/2742.pdf | https://www.bis.gov.in/wp-content/uploads/2021/11/Electronics-and-Information-Technology-Goods-Requirement-of-Compulsory-Registration-Order-2021-1.pdf | https://www.bis.gov.in/wp-content/uploads/2024/04/CCTV-Camera-CRO-2021.pdf | https://www.bis.gov.in/wp-content/uploads/2026/05/amendments-to-the-Electronics-and-Information-Technology-Goods-Requirements-for-Compulsory-Registration-2021-1.pdf,"Audio/Video, Information and Communication Technology Equipment – Part 1 Safety Requirements",scheme2_page,https://www.bis.gov.in/product-certification/products-under-compulsory-certification/scheme-ii-registration-scheme/?lang=en,2026-09-26
45.,,IS 16103 (Part 1): 2012,Standalone LED Modules for General Lighting,"SO 1236 (E) dated 01st April, 2020 Date of Implementation of this order on the expiry of six months from the date of publication of this notification. (01st October, 2020) Superseded by Electronics and Information Technology Goods (Requirement of Compulsory Registration) Order, 2021 Amendments to the Electronics and Information Technology Goods (Requirements for Compulsory Registration) Order, 2021 S.O.1246 (E) Dated 10 March, 2026",https://www.bis.gov.in/wp-content/uploads/2020/05/MeitY-QCO-for-additional-12-products.pdf | https://www.bis.gov.in/wp-content/uploads/2021/11/Electronics-and-Information-Technology-Goods-Requirement-of-Compulsory-Registration-Order-2021-1.pdf | https://www.bis.gov.in/wp-content/uploads/2026/05/amendments-to-the-Electronics-and-Information-Technology-Goods-Requirements-for-Compulsory-Registration-2021-1.pdf,LED modules for general lighting: Part 1 safety requirements,scheme2_page,https://www.bis.gov.in/product-certification/products-under-compulsory-certification/scheme-ii-registration-scheme/?lang=en,2026-09-26
46.,,IS 10322 (Part 5)Section 9: 2017,Lighting Chain (Rope Lights),"SO 1236 (E) dated 01st April, 2020 Date of Implementation of this order on the expiry of six months from the date of publication of this notification. (01st October, 2020) Superseded by Electronics and Information Technology Goods (Requirement of Compulsory Registration) Order, 2021 Amendments to the Electronics and Information Technology Goods (Requirements for Compulsory Registration) Order, 2021 S.O.1246 (E) Dated 10 March, 2026",https://www.bis.gov.in/wp-content/uploads/2020/05/MeitY-QCO-for-additional-12-products.pdf | https://www.bis.gov.in/wp-content/uploads/2021/11/Electronics-and-Information-Technology-Goods-Requirement-of-Compulsory-Registration-Order-2021-1.pdf | https://www.bis.gov.in/wp-content/uploads/2026/05/amendments-to-the-Electronics-and-Information-Technology-Goods-Requirements-for-Compulsory-Registration-2021-1.pdf,Luminaries: Part 5 Particular Requirements Section 9 Rope Lights,scheme2_page,https://www.bis.gov.in/product-certification/products-under-compulsory-certification/scheme-ii-registration-scheme/?lang=en,2026-09-26
47.,,IS/IEC 62368: Part 1: 2023,Keyboard,"SO 1236 (E) dated 01st April, 2020 Date of Implementation of this order on the expiry of six months from the date of publication of this notification. (01st October, 2020) Superseded by Electronics and Information Technology Goods (Requirement of Compulsory Registration) Order, 2021 Amendments to the Electronics and Information Technology Goods (Requirements for Compulsory Registration) Order, 2021 S.O.1246 (E) Dated 10 March, 2026",https://www.bis.gov.in/wp-content/uploads/2020/05/MeitY-QCO-for-additional-12-products.pdf | https://www.bis.gov.in/wp-content/uploads/2021/11/Electronics-and-Information-Technology-Goods-Requirement-of-Compulsory-Registration-Order-2021-1.pdf | https://www.bis.gov.in/wp-content/uploads/2026/05/amendments-to-the-Electronics-and-Information-Technology-Goods-Requirements-for-Compulsory-Registration-2021-1.pdf,"Audio/Video, Information and Communication Technology Equipment – Part 1 Safety Requirements",scheme2_page,https://www.bis.gov.in/product-certification/products-under-compulsory-certification/scheme-ii-registration-scheme/?lang=en,2026-09-26
48.,,IS 302 (Part 2): Section 6: 2009,Induction Stove,"SO 1236 (E) dated 01st April, 2020 Date of Implementation of this order on the expiry of six months from the date of publication of this notification. (01st October, 2020) Superseded by Electronics and Information Technology Goods (Requirement of Compulsory Registration) Order, 2021 Amendments to the Electronics and Information Technology Goods (Requirements for Compulsory Registration) Order, 2021 S.O.1246 (E) Dated 10 March, 2026",https://www.bis.gov.in/wp-content/uploads/2020/05/MeitY-QCO-for-additional-12-products.pdf | https://www.bis.gov.in/wp-content/uploads/2021/11/Electronics-and-Information-Technology-Goods-Requirement-of-Compulsory-Registration-Order-2021-1.pdf | https://www.bis.gov.in/wp-content/uploads/2026/05/amendments-to-the-Electronics-and-Information-Technology-Goods-Requirements-for-Compulsory-Registration-2021-1.pdf,"Safety of household and similar electrical appliances: part 2 particular requirements, section 6 cooking ranges, hobs, ovens and similar appliances",scheme2_page,https://www.bis.gov.in/product-certification/products-under-compulsory-certification/scheme-ii-registration-scheme/?lang=en,2026-09-26
49.,,IS/IEC 62368: Part 1: 2023,Automatic Teller Cash dispensing machines,"SO 1236 (E) dated 01st April, 2020 Date of Implementation of this order on the expiry of six months from the date of publication of this notification. (01st October, 2020) Superseded by Electronics and Information Technology Goods (Requirement of Compulsory Registration) Order, 2021 Amendments to the Electronics and Information Technology Goods (Requirements for Compulsory Registration) Order, 2021 S.O.1246 (E) Dated 10 March, 2026",https://www.bis.gov.in/wp-content/uploads/2020/05/MeitY-QCO-for-additional-12-products.pdf | https://www.bis.gov.in/wp-content/uploads/2021/11/Electronics-and-Information-Technology-Goods-Requirement-of-Compulsory-Registration-Order-2021-1.pdf | https://www.bis.gov.in/wp-content/uploads/2026/05/amendments-to-the-Electronics-and-Information-Technology-Goods-Requirements-for-Compulsory-Registration-2021-1.pdf,"Audio/Video, Information and Communication Technology Equipment – Part 1 Safety Requirements",scheme2_page,https://www.bis.gov.in/product-certification/products-under-compulsory-certification/scheme-ii-registration-scheme/?lang=en,2026-09-26
50.,,IS/IEC 62368: Part 1: 2023,USB Type External Hard Disk Drive,"Amendments to the Electronics and Information Technology Goods (Requirements for Compulsory Registration) Order, 2021 S.O.2204 (E) Dated 05 May, 2026",https://www.bis.gov.in/wp-content/uploads/2026/05/Electronics-and-Information-Technology-Goods-2021-Amendment-Standalone-Hard-Disk-Drives-1.pdf,"Audio/Video, Information and Communication Technology Equipment – Part 1 Safety Requirements",scheme2_page,https://www.bis.gov.in/product-certification/products-under-compulsory-certification/scheme-ii-registration-scheme/?lang=en,2026-09-26
51.,,IS/IEC 62368: Part 1: 2023,Wireless Headphone and Earphone,,,"Audio/Video, Information and Communication Technology Equipment – Part 1 Safety Requirements",scheme2_page,https://www.bis.gov.in/product-certification/products-under-compulsory-certification/scheme-ii-registration-scheme/?lang=en,2026-09-26
52.,,IS/IEC 62368: Part 1: 2023,USB Type External Solid- State Storage Devices (above 256 GB capacity),,,"Audio/Video, Information and Communication Technology Equipment – Part 1 Safety Requirements",scheme2_page,https://www.bis.gov.in/product-certification/products-under-compulsory-certification/scheme-ii-registration-scheme/?lang=en,2026-09-26
53.,,IS/IEC 62368: Part 1: 2023,Electronic Musical System with input power below 200 Watts,,,"Audio/Video, Information and Communication Technology Equipment – Part 1 Safety Requirements",scheme2_page,https://www.bis.gov.in/product-certification/products-under-compulsory-certification/scheme-ii-registration-scheme/?lang=en,2026-09-26
54.,,IS/IEC 62368: Part 1: 2023,Standalone Switch Mode Power Supplies (SMPS)with output voltage 48 V (max),,,"Audio/Video, Information and Communication Technology Equipment – Part 1 Safety Requirements",scheme2_page,https://www.bis.gov.in/product-certification/products-under-compulsory-certification/scheme-ii-registration-scheme/?lang=en,2026-09-26
55.,,IS/IEC 62368: Part 1: 2023,Television other than Plasma/ LCD/LED TVs,,,"Audio/Video, Information and Communication Technology Equipment – Part 1 Safety Requirements",scheme2_page,https://www.bis.gov.in/product-certification/products-under-compulsory-certification/scheme-ii-registration-scheme/?lang=en,2026-09-26
56.,,IS 302 (Part 2): Section 15: 2009,Rice Cooker,,,safety of household and similar electrical appliances: part 2 particular requirements: section 15 appliances for heating liquids,scheme2_page,https://www.bis.gov.in/product-certification/products-under-compulsory-certification/scheme-ii-registration-scheme/?lang=en,2026-09-26
57.,,IS/IEC 62368: Part 1: 2023,Wireless microphone,"S.O. 3429(E) dated 1 October 2020 Superseded by Electronics and Information Technology Goods (Requirement of Compulsory Registration) Order, 2021 Amendments to the Electronics and Information Technology Goods (Requirements for Compulsory Registration) Order, 2021 S.O.1246 (E) Dated 10 March, 2026",https://www.bis.gov.in/wp-content/uploads/2020/10/222196.pdf | https://www.bis.gov.in/wp-content/uploads/2021/11/Electronics-and-Information-Technology-Goods-Requirement-of-Compulsory-Registration-Order-2021-1.pdf | https://www.bis.gov.in/wp-content/uploads/2026/05/amendments-to-the-Electronics-and-Information-Technology-Goods-Requirements-for-Compulsory-Registration-2021-1.pdf,"Audio/Video, Information and Communication Technology Equipment – Part 1 Safety Requirements",scheme2_page,https://www.bis.gov.in/product-certification/products-under-compulsory-certification/scheme-ii-registration-scheme/?lang=en,2026-09-26
58.,,IS/IEC 62368: Part 1: 2023,Digital Camera,"S.O. 3429(E) dated 1 October 2020 Superseded by Electronics and Information Technology Goods (Requirement of Compulsory Registration) Order, 2021 Amendments to the Electronics and Information Technology Goods (Requirements for Compulsory Registration) Order, 2021 S.O.1246 (E) Dated 10 March, 2026",https://www.bis.gov.in/wp-content/uploads/2020/10/222196.pdf | https://www.bis.gov.in/wp-content/uploads/2021/11/Electronics-and-Information-Technology-Goods-Requirement-of-Compulsory-Registration-Order-2021-1.pdf | https://www.bis.gov.in/wp-content/uploads/2026/05/amendments-to-the-Electronics-and-Information-Technology-Goods-Requirements-for-Compulsory-Registration-2021-1.pdf,"Audio/Video, Information and Communication Technology Equipment – Part 1 Safety Requirements",scheme2_page,https://www.bis.gov.in/product-certification/products-under-compulsory-certification/scheme-ii-registration-scheme/?lang=en,2026-09-26
59.,,IS/IEC 62368: Part 1: 2023,Video Camera,"S.O. 3429(E) dated 1 October 2020 Superseded by Electronics and Information Technology Goods (Requirement of Compulsory Registration) Order, 2021 Amendments to the Electronics and Information Technology Goods (Requirements for Compulsory Registration) Order, 2021 S.O.1246 (E) Dated 10 March, 2026",https://www.bis.gov.in/wp-content/uploads/2020/10/222196.pdf | https://www.bis.gov.in/wp-content/uploads/2021/11/Electronics-and-Information-Technology-Goods-Requirement-of-Compulsory-Registration-Order-2021-1.pdf | https://www.bis.gov.in/wp-content/uploads/2026/05/amendments-to-the-Electronics-and-Information-Technology-Goods-Requirements-for-Compulsory-Registration-2021-1.pdf,"Audio/Video, Information and Communication Technology Equipment – Part 1 Safety Requirements",scheme2_page,https://www.bis.gov.in/product-certification/products-under-compulsory-certification/scheme-ii-registration-scheme/?lang=en,2026-09-26
60.,,IS/IEC 62368: Part 1: 2023,Webcam (Finished Product),"S.O. 3429(E) dated 1 October 2020 Superseded by Electronics and Information Technology Goods (Requirement of Compulsory Registration) Order, 2021 Amendments to the Electronics and Information Technology Goods (Requirements for Compulsory Registration) Order, 2021 S.O.1246 (E) Dated 10 March, 2026",https://www.bis.gov.in/wp-content/uploads/2020/10/222196.pdf | https://www.bis.gov.in/wp-content/uploads/2021/11/Electronics-and-Information-Technology-Goods-Requirement-of-Compulsory-Registration-Order-2021-1.pdf | https://www.bis.gov.in/wp-content/uploads/2026/05/amendments-to-the-Electronics-and-Information-Technology-Goods-Requirements-for-Compulsory-Registration-2021-1.pdf,"Audio/Video, Information and Communication Technology Equipment – Part 1 Safety Requirements",scheme2_page,https://www.bis.gov.in/product-certification/products-under-compulsory-certification/scheme-ii-registration-scheme/?lang=en,2026-09-26
61.,,IS/IEC 62368: Part 1: 2023,Smart Speakers (with and without Display),"S.O. 3429(E) dated 1 October 2020 Superseded by Electronics and Information Technology Goods (Requirement of Compulsory Registration) Order, 2021 Amendments to the Electronics and Information Technology Goods (Requirements for Compulsory Registration) Order, 2021 S.O.1246 (E) Dated 10 March, 2026",https://www.bis.gov.in/wp-content/uploads/2020/10/222196.pdf | https://www.bis.gov.in/wp-content/uploads/2021/11/Electronics-and-Information-Technology-Goods-Requirement-of-Compulsory-Registration-Order-2021-1.pdf | https://www.bis.gov.in/wp-content/uploads/2026/05/amendments-to-the-Electronics-and-Information-Technology-Goods-Requirements-for-Compulsory-Registration-2021-1.pdf,"Audio/Video, Information and Communication Technology Equipment – Part 1 Safety Requirements",scheme2_page,https://www.bis.gov.in/product-certification/products-under-compulsory-certification/scheme-ii-registration-scheme/?lang=en,2026-09-26
62.,,IS 60669-2-1: 2008,Dimmers for LED products,"S.O. 3429(E) dated 1 October 2020 Superseded by Electronics and Information Technology Goods (Requirement of Compulsory Registration) Order, 2021 Amendments to the Electronics and Information Technology Goods (Requirements for Compulsory Registration) Order, 2021 S.O.1246 (E) Dated 10 March, 2026",https://www.bis.gov.in/wp-content/uploads/2020/10/222196.pdf | https://www.bis.gov.in/wp-content/uploads/2021/11/Electronics-and-Information-Technology-Goods-Requirement-of-Compulsory-Registration-Order-2021-1.pdf | https://www.bis.gov.in/wp-content/uploads/2026/05/amendments-to-the-Electronics-and-Information-Technology-Goods-Requirements-for-Compulsory-Registration-2021-1.pdf,Particular requirements for Electronic switches standards for Switches for household and similar fixed electrical installations.,scheme2_page,https://www.bis.gov.in/product-certification/products-under-compulsory-certification/scheme-ii-registration-scheme/?lang=en,2026-09-26
63.,,IS/IEC 62368: Part 1: 2023,Bluetooth speakers,"S.O. 3429(E) dated 1 October 2020 Superseded by Electronics and Information Technology Goods (Requirement of Compulsory Registration) Order, 2021 Amendments to the Electronics and Information Technology Goods (Requirements for Compulsory Registration) Order, 2021 S.O.1246 (E) Dated 10 March, 2026",https://www.bis.gov.in/wp-content/uploads/2020/10/222196.pdf | https://www.bis.gov.in/wp-content/uploads/2021/11/Electronics-and-Information-Technology-Goods-Requirement-of-Compulsory-Registration-Order-2021-1.pdf | https://www.bis.gov.in/wp-content/uploads/2026/05/amendments-to-the-Electronics-and-Information-Technology-Goods-Requirements-for-Compulsory-Registration-2021-1.pdf,"Audio/Video, Information and Communication Technology Equipment – Part 1 Safety Requirements",scheme2_page,https://www.bis.gov.in/product-certification/products-under-compulsory-certification/scheme-ii-registration-scheme/?lang=en,2026-09-26
64.,,IS 18112:2022,Television Sets,"Amendment to the Electronics and Information Technology Goods (Requirements  for Compulsory Registration) Order, 2021 (S.O. 1929(E), dated 26/04/2023) Extension in timelines for the implementation of the Order for product categories included in the schedule of CRO vide S.O. 1929(E) published in Gazette of India on 26th April, 2023 S.O. 1363(E) Dated 21 March, 2025 Extension in timelines for the implementation of the Order for product categories included in the schedule of CRO vide S.O. 1929(E) published in Gazette of India on 26th April, 2023. S.O. 4362(E) Dated 25 September, 2025 Extension in timelines for the implementation of the Order for product categories included in the schedule of CRO vide S.O. 1929(E) published in Gazette of India on 26th April, 2023. S.O. 352(E) Dated 22 January, 2026 Amendments to the Electronics and Information Technology Goods (Requirements for Compulsory Registration) Order, 2021 S.O.1246 (E) Dated 10 March, 2026 Extension in timeline for the implementation of the Order for product categories included in the schedule of CRO vide S.O. 1929(E) published in Gazette of India on 26th April, 2023 S.O. 4182 (E) Dated 26 July, 2026",https://www.bis.gov.in/wp-content/uploads/2023/05/Miety-QCO-amendment-order-26-April-2023.pdf | https://www.bis.gov.in/wp-content/uploads/2025/03/Digital-Television-Receiver-for-Satellite-Broadcast-Transmission-QCO-Amendment-2025.pdf | https://www.bis.gov.in/wp-content/uploads/2025/10/Extension-in-timelines-for-the-implementation-of-Television-Sets-IS-18112.pdf | https://www.bis.gov.in/wp-content/uploads/2026/01/Extension-of-Televisoin-Sets-timelies.pdf | https://www.bis.gov.in/wp-content/uploads/2026/05/amendments-to-the-Electronics-and-Information-Technology-Goods-Requirements-for-Compulsory-Registration-2021-1.pdf | https://www.bis.gov.in/wp-content/uploads/2026/07/Extension-in-timelines-for-the-implementation-of-the-order-for-product-categories-included-in-the-schedule-of-CRO-vide-S.O.-1929E-published-in-Gazette-of-India-on-26th-April20.pdf,Digital Television Receiver for Satellite Broadcast Transmission – Specification,scheme2_page,https://www.bis.gov.in/product-certification/products-under-compulsory-certification/scheme-ii-registration-scheme/?lang=en,2026-09-26
65.,,IS/IEC 62368: Part 1: 2023,"Extended Reality Products (Augmented Reality, Virtual Reality, Mixed Reality etc.)","Migration to IS/IEC 62368 : Part 1 : 2023 from IS 13252 : Part 1 : 2010 and IS 616: 2017 S.O. 4997(E) Dated 04 November, 2025 Amendments to the Electronics and Information Technology Goods (Requirements for Compulsory Registration) Order, 2021 S.O.1246 (E) Dated 10 March, 2026",https://www.bis.gov.in/wp-content/uploads/2025/11/Migration-to-IS-IEC-62368-Part-1-2023-from-IS-13252-Part-1-2010-and-IS-616-2017.pdf | https://www.bis.gov.in/wp-content/uploads/2026/05/amendments-to-the-Electronics-and-Information-Technology-Goods-Requirements-for-Compulsory-Registration-2021-1.pdf,"Audio/Video, Information and Communication Technology Equipment – Part 1 Safety Requirements",scheme2_page,https://www.bis.gov.in/product-certification/products-under-compulsory-certification/scheme-ii-registration-scheme/?lang=en,2026-09-26
66.,,IS 19348:2025,Screen Protectors for Smartphones,"Amendment to the “Electronics and Information Technology Goods (Requirement of Compulsory Registration) Order, 2021” S.O. 5190 (E) Dated 21 September, 2026",https://www.bis.gov.in/wp-content/uploads/2026/09/Amendment-to-the-Electronics-and-Information-Technology-Goods-Requirement-of-Compulsory-Registration-Order-2021.pdf,Glass Screen Protector– Specification,scheme2_page,https://www.bis.gov.in/product-certification/products-under-compulsory-certification/scheme-ii-registration-scheme/?lang=en,2026-09-26
1.,,IS 14286 IS/IEC 61730 -1 IS/IEC 61730 -2,Crystalline Silicon Terrestrial Photovoltaic (PV) modules (Si wafer based),"2. Solar Photovoltaics, Systems, Devices and Components Goods (Requirements for Compulsory Registration) Order, 2017 S.O. 2920(E) dated 30 August 2017 S.O. 1602 (E) dated 16 April 2018 S.O. No. 2183 (E) dated 30 May 2018 S.O. No. 5259(E) dated 12 October  2018 S.O. No. 5259(E) S.O. 444(E), dated 24 January 2023 S.O. 492(E) dated 27 January 2025 Solar System, Devices and Components Goods Order, 2025 for SPV Inverters of the capacity more than 200 KW. S.O.3597 (E) Dated 05 August, 2025",https://www.bis.gov.in/MandatoryProducts/QCOrder/Gazette_SO2920_E.pdf | https://www.bis.gov.in/product-certification/products-under-compulsory-certification/scheme-ii-registration-scheme/?lang=en | https://www.bis.gov.in/MandatoryProducts/QCOrder/Gazette_notification_quality_control_order_2183_30052018.pdf | https://www.bis.gov.in/wp-content/uploads/2018/12/MNRE-notification-published-in-Gazette-on-12-10-2018.pdf | https://www.bis.gov.in/wp-content/uploads/2023/02/Solar-Inverter-QCO-extension1.pdf | https://www.bis.gov.in/wp-content/uploads/2025/01/MNRE-QCO-Solar-PV-Products-Standards-EssentialRequirements.pdf | https://www.bis.gov.in/wp-content/uploads/2025/08/Solar-Systems-Devices-and-Components-Goods-Order-2025.pdf,Crystalline Silicon Terrestrial Photovoltaic (PV) modules – Design Qualification And Type Approval,scheme2_page,https://www.bis.gov.in/product-certification/products-under-compulsory-certification/scheme-ii-registration-scheme/?lang=en,2026-09-26
2.,,IS 16077 IS/IEC 61730 -1 IS/IEC 61730 -2,"Thin-Film Terrestrial Photovoltaic (PV) Modules (a-Si, CiGs and CdTe)","2. Solar Photovoltaics, Systems, Devices and Components Goods (Requirements for Compulsory Registration) Order, 2017 S.O. 2920(E) dated 30 August 2017 S.O. 1602 (E) dated 16 April 2018 S.O. No. 2183 (E) dated 30 May 2018 S.O. No. 5259(E) dated 12 October  2018 S.O. No. 5259(E) S.O. 444(E), dated 24 January 2023 S.O. 492(E) dated 27 January 2025 Solar System, Devices and Components Goods Order, 2025 for SPV Inverters of the capacity more than 200 KW. S.O.3597 (E) Dated 05 August, 2025",https://www.bis.gov.in/MandatoryProducts/QCOrder/Gazette_SO2920_E.pdf | https://www.bis.gov.in/product-certification/products-under-compulsory-certification/scheme-ii-registration-scheme/?lang=en | https://www.bis.gov.in/MandatoryProducts/QCOrder/Gazette_notification_quality_control_order_2183_30052018.pdf | https://www.bis.gov.in/wp-content/uploads/2018/12/MNRE-notification-published-in-Gazette-on-12-10-2018.pdf | https://www.bis.gov.in/wp-content/uploads/2023/02/Solar-Inverter-QCO-extension1.pdf | https://www.bis.gov.in/wp-content/uploads/2025/01/MNRE-QCO-Solar-PV-Products-Standards-EssentialRequirements.pdf | https://www.bis.gov.in/wp-content/uploads/2025/08/Solar-Systems-Devices-and-Components-Goods-Order-2025.pdf,Thin-Film Terrestrial Photovoltaic (PV) Modules – Design Qualification and Type Approval,scheme2_page,https://www.bis.gov.in/product-certification/products-under-compulsory-certification/scheme-ii-registration-scheme/?lang=en,2026-09-26
3.,,IS 16221 (Part 2),Power converters for use in photovoltaic power system,"2. Solar Photovoltaics, Systems, Devices and Components Goods (Requirements for Compulsory Registration) Order, 2017 S.O. 2920(E) dated 30 August 2017 S.O. 1602 (E) dated 16 April 2018 S.O. No. 2183 (E) dated 30 May 2018 S.O. No. 5259(E) dated 12 October  2018 S.O. No. 5259(E) S.O. 444(E), dated 24 January 2023 S.O. 492(E) dated 27 January 2025 Solar System, Devices and Components Goods Order, 2025 for SPV Inverters of the capacity more than 200 KW. S.O.3597 (E) Dated 05 August, 2025",https://www.bis.gov.in/MandatoryProducts/QCOrder/Gazette_SO2920_E.pdf | https://www.bis.gov.in/product-certification/products-under-compulsory-certification/scheme-ii-registration-scheme/?lang=en | https://www.bis.gov.in/MandatoryProducts/QCOrder/Gazette_notification_quality_control_order_2183_30052018.pdf | https://www.bis.gov.in/wp-content/uploads/2018/12/MNRE-notification-published-in-Gazette-on-12-10-2018.pdf | https://www.bis.gov.in/wp-content/uploads/2023/02/Solar-Inverter-QCO-extension1.pdf | https://www.bis.gov.in/wp-content/uploads/2025/01/MNRE-QCO-Solar-PV-Products-Standards-EssentialRequirements.pdf | https://www.bis.gov.in/wp-content/uploads/2025/08/Solar-Systems-Devices-and-Components-Goods-Order-2025.pdf,Safety of Power Converters for Use in Photovoltaic Power Systems Part 2-Particular Requirements for Inverters,scheme2_page,https://www.bis.gov.in/product-certification/products-under-compulsory-certification/scheme-ii-registration-scheme/?lang=en,2026-09-26
4.,,IS 16169,Power converters for use in photovoltaic power system,"2. Solar Photovoltaics, Systems, Devices and Components Goods (Requirements for Compulsory Registration) Order, 2017 S.O. 2920(E) dated 30 August 2017 S.O. 1602 (E) dated 16 April 2018 S.O. No. 2183 (E) dated 30 May 2018 S.O. No. 5259(E) dated 12 October  2018 S.O. No. 5259(E) S.O. 444(E), dated 24 January 2023 S.O. 492(E) dated 27 January 2025 Solar System, Devices and Components Goods Order, 2025 for SPV Inverters of the capacity more than 200 KW. S.O.3597 (E) Dated 05 August, 2025",https://www.bis.gov.in/MandatoryProducts/QCOrder/Gazette_SO2920_E.pdf | https://www.bis.gov.in/product-certification/products-under-compulsory-certification/scheme-ii-registration-scheme/?lang=en | https://www.bis.gov.in/MandatoryProducts/QCOrder/Gazette_notification_quality_control_order_2183_30052018.pdf | https://www.bis.gov.in/wp-content/uploads/2018/12/MNRE-notification-published-in-Gazette-on-12-10-2018.pdf | https://www.bis.gov.in/wp-content/uploads/2023/02/Solar-Inverter-QCO-extension1.pdf | https://www.bis.gov.in/wp-content/uploads/2025/01/MNRE-QCO-Solar-PV-Products-Standards-EssentialRequirements.pdf | https://www.bis.gov.in/wp-content/uploads/2025/08/Solar-Systems-Devices-and-Components-Goods-Order-2025.pdf,Safety of Power Converters for Use in Photovoltaic Power Systems Part 2-Particular Requirements for Inverters,scheme2_page,https://www.bis.gov.in/product-certification/products-under-compulsory-certification/scheme-ii-registration-scheme/?lang=en,2026-09-26
5.,,IS 16270,Utility –Interconnected Photovoltaic inverters,"2. Solar Photovoltaics, Systems, Devices and Components Goods (Requirements for Compulsory Registration) Order, 2017 S.O. 2920(E) dated 30 August 2017 S.O. 1602 (E) dated 16 April 2018 S.O. No. 2183 (E) dated 30 May 2018 S.O. No. 5259(E) dated 12 October  2018 S.O. No. 5259(E) S.O. 444(E), dated 24 January 2023 S.O. 492(E) dated 27 January 2025 Solar System, Devices and Components Goods Order, 2025 for SPV Inverters of the capacity more than 200 KW. S.O.3597 (E) Dated 05 August, 2025",https://www.bis.gov.in/MandatoryProducts/QCOrder/Gazette_SO2920_E.pdf | https://www.bis.gov.in/product-certification/products-under-compulsory-certification/scheme-ii-registration-scheme/?lang=en | https://www.bis.gov.in/MandatoryProducts/QCOrder/Gazette_notification_quality_control_order_2183_30052018.pdf | https://www.bis.gov.in/wp-content/uploads/2018/12/MNRE-notification-published-in-Gazette-on-12-10-2018.pdf | https://www.bis.gov.in/wp-content/uploads/2023/02/Solar-Inverter-QCO-extension1.pdf | https://www.bis.gov.in/wp-content/uploads/2025/01/MNRE-QCO-Solar-PV-Products-Standards-EssentialRequirements.pdf | https://www.bis.gov.in/wp-content/uploads/2025/08/Solar-Systems-Devices-and-Components-Goods-Order-2025.pdf,Test Procedure of Islanding Prevention Measures for Utility-Interconnected Photovoltaic Inverters,scheme2_page,https://www.bis.gov.in/product-certification/products-under-compulsory-certification/scheme-ii-registration-scheme/?lang=en,2026-09-26
1.,,IS 798:2020,Ortho Phosphoric Acid,"3.  Ortho Phosphoric Acid (Quality Control) Amendment  Order, 2021 (S.O. 2335 (E) dated 15.06.2021) Ortho Phosphoric Acid (Quality Control) Amendment  Order, 2021 (S.O. 4914(E) dated 29.11.2021) Ortho Phosphoric Acid(Quality Control) Order, 2021 (Amendment order for various chemicals, dated 13/05/2022) Ortho Phosphoric Acid (Quality Control) Amendment Order, 2024 S.O. 1709(E), dated 13th  April 2024 Ortho Phosphoric Acid (Quality Control) Second Amendment Order, 2024 S.O. 2975(E), dated 26th  July 2024",https://www.bis.gov.in/wp-content/uploads/2021/06/Ortho-Phosphoric-Acid-Quality-Control-Order-2021-1.pdf | https://www.bis.gov.in/wp-content/uploads/2021/12/Extension-of-Methylene-Chloride-and-Ortho-Phosphoric-Acid.pdf | https://www.bis.gov.in/wp-content/uploads/2022/05/Extension-of-enforcement-date-of-3-QCOs.pdf | https://www.bis.gov.in/wp-content/uploads/2024/04/Ortho-Phosphoric-Acid-Quality-ControlAmendment-order-2024.pdf | https://www.bis.gov.in/wp-content/uploads/2024/07/Ortho-Phosphoric-Acid-Quality-Control-Second-Amendment-order-2024.pdf,Ortho Phosphoric Acid – Specification,scheme2_page,https://www.bis.gov.in/product-certification/products-under-compulsory-certification/scheme-ii-registration-scheme/?lang=en,2026-09-26
2.,,IS 17439:2020,Polyphosphoric Acid,"4. Polyphosphoric Acid(Quality Control) Order, 2021 (S.O. 5388(E), dated 24.12.2021) Polyphosphoric Acid(Quality Control) Order, 2021 (Amendment order for various chemicals, dated 13/05/2022)",https://www.bis.gov.in/wp-content/uploads/2022/01/QCO-on-Polyphosphoric-Acid.pdf | https://www.bis.gov.in/wp-content/uploads/2022/05/Extension-of-enforcement-date-of-3-QCOs.pdf,Polyphosphoric Acid – Specification,scheme2_page,https://www.bis.gov.in/product-certification/products-under-compulsory-certification/scheme-ii-registration-scheme/?lang=en,2026-09-26
3.,,IS 17412:2020,Trimethyl Phosphite,"5. Trimethyl Phosphite (Quality Control) Order, 2022 (S.O. 1637(E), dated 05.04.2022)",https://www.bis.gov.in/wp-content/uploads/2022/04/Trimethyl-phosphite-Quality-Control-Order-2022.pdf,Trimethyl Phosphite – Technical Grade,scheme2_page,https://www.bis.gov.in/product-certification/products-under-compulsory-certification/scheme-ii-registration-scheme/?lang=en,2026-09-26
1.,,IS 12171:2019,Cotton Bales,"6. Cotton Bales (Quality Control) Order, 2023 S.O. 948(E), dated 28 February 2023 Cotton Bales (Quality Control) Amendment Order, 2023 S.O. 3557(E), dated 07 August 2023 Cotton Bales (Quality Control) Amendment Order, 2023 S.O. 3830(E), dated 28 August 2023 Cotton Bales (Quality Control) Amendment Order, 2023 S.O. 3469 (E), dated 13th August 2024 Cotton Bales (Quality Control) Amendment Order, 2023 S.O.2996 (E) Dated 03 July, 2025 Cotton Bales (Quality Control) Amendment Order, 2023 S.O.2956 (E) Dated 09 June, 2026",https://www.bis.gov.in/wp-content/uploads/2023/03/Cotton-Bales-QCO-20231.pdf | https://www.bis.gov.in/wp-content/uploads/2023/08/Cotton-Bales-QCO-Extension1.pdf | https://www.bis.gov.in/wp-content/uploads/2023/08/Cotton-Bales-QCO-amndment-2023-28082023.pdf | https://www.bis.gov.in/wp-content/uploads/2024/08/Cotton-bales-QCO-2023.pdf | https://www.bis.gov.in/wp-content/uploads/2025/07/Cotton-Bales-Quality-Control-Amendment-Order-2023.pdf | https://www.bis.gov.in/wp-content/uploads/2026/06/Rescind-Order-of-the-Cotton-Bales-Quality-Control-Order-2023-1.pdf,Cotton Bales- Specification,scheme2_page,https://www.bis.gov.in/product-certification/products-under-compulsory-certification/scheme-ii-registration-scheme/?lang=en,2026-09-26
