s_no,category,is_number,product,qco_pdf_url,enforcement_date,ministry_department,product_2,source_id,source_url,date_downloaded
1,,IS 12795:2020,Linear Alkyl Benzene,,30 September 2026,Department of Chemicals and Petrochemicals,Linear Alkyl Benzene,upcoming_qcos,https://www.bis.gov.in/upcoming-qcos-notified-and-due-for-implementation/?lang=en,2026-09-26
2,,4003 (Part 1):1978,Pipe Wrenches-General Purpose,,01 October 2026,Department for Promotion of Industry and Internal Trade,Pipe Wrenches-General Purpose,upcoming_qcos,https://www.bis.gov.in/upcoming-qcos-notified-and-due-for-implementation/?lang=en,2026-09-26
3,,4003(Part 2):1986,Pipe Wrenches Heavy Duty,,01 October 2026,Department for Promotion of Industry and Internal Trade,Pipe Wrenches Heavy Duty,upcoming_qcos,https://www.bis.gov.in/upcoming-qcos-notified-and-due-for-implementation/?lang=en,2026-09-26
4,,2028:2004,Open-Jaw Wrenched(Spanners),,01 October 2026,Department for Promotion of Industry and Internal Trade,Open-Jaw Wrenched(Spanners),upcoming_qcos,https://www.bis.gov.in/upcoming-qcos-notified-and-due-for-implementation/?lang=en,2026-09-26
5,,2029:1998,Ring Wrenches(Spanners),,01 October 2026,Department for Promotion of Industry and Internal Trade,Ring Wrenches(Spanners),upcoming_qcos,https://www.bis.gov.in/upcoming-qcos-notified-and-due-for-implementation/?lang=en,2026-09-26
6,,6149:1984,Single-ended Open-jaw Adjustable Wrenches,,01 October 2026,Department for Promotion of Industry and Internal Trade,Single-ended Open-jaw Adjustable Wrenches,upcoming_qcos,https://www.bis.gov.in/upcoming-qcos-notified-and-due-for-implementation/?lang=en,2026-09-26
7,,4123:1982,Chain Pipe Wrenches,,01 October 2026,Department for Promotion of Industry and Internal Trade,Chain Pipe Wrenches,upcoming_qcos,https://www.bis.gov.in/upcoming-qcos-notified-and-due-for-implementation/?lang=en,2026-09-26
8,,4508:1992,Open Ended Slugging Wrenches(Spanners),,01 October 2026,Department for Promotion of Industry and Internal Trade,Open Ended Slugging Wrenches(Spanners),upcoming_qcos,https://www.bis.gov.in/upcoming-qcos-notified-and-due-for-implementation/?lang=en,2026-09-26
9,,4509:1992,Ring Slugging Wrenches (Spanners),,01 October 2026,Department for Promotion of Industry and Internal Trade,Ring Slugging Wrenches (Spanners),upcoming_qcos,https://www.bis.gov.in/upcoming-qcos-notified-and-due-for-implementation/?lang=en,2026-09-26
10,,3650:1981,Combination Side Cutting Pliers,,01 October 2026,Department for Promotion of Industry and Internal Trade,Combination Side Cutting Pliers,upcoming_qcos,https://www.bis.gov.in/upcoming-qcos-notified-and-due-for-implementation/?lang=en,2026-09-26
11,,IS 1660:2024,Wrought Aluminium Utensils,,01 October 2026,Department for Promotion of Industry and Internal Trade,Wrought Aluminium Utensils,upcoming_qcos,https://www.bis.gov.in/upcoming-qcos-notified-and-due-for-implementation/?lang=en,2026-09-26
12,,IS 14407:2023,Aluminium cans for beverages,,01 October 2026,Department of Chemicals and Petrochemicals,Aluminium cans for beverages,upcoming_qcos,https://www.bis.gov.in/upcoming-qcos-notified-and-due-for-implementation/?lang=en,2026-09-26
13,,"01 October, 2026","All electrical appliance intended for household,commercial or similar application with rated voltage not exceeding 250 V for single-phase appliances and 480 V for other appliances including direct current supplied appliances and battery operated appliances Illustrative list of electrical appliances is given below:",,"01 October, 2026",Department for Promotion of Industry and Internal Trade,IS 302 (Part 1) : 2024 IEC 60335-1:2020,upcoming_qcos,https://www.bis.gov.in/upcoming-qcos-notified-and-due-for-implementation/?lang=en,2026-09-26
13,,"01 October, 2026",Vacuum Cleaners and Water Suction Cleaning Appliances,,"01 October, 2026",Department for Promotion of Industry and Internal Trade,IS 302 (Part 1) : 2024 IEC 60335-1:2020,upcoming_qcos,https://www.bis.gov.in/upcoming-qcos-notified-and-due-for-implementation/?lang=en,2026-09-26
13,,"01 October, 2026",Spin Extractors,,"01 October, 2026",Department for Promotion of Industry and Internal Trade,IS 302 (Part 1) : 2024 IEC 60335-1:2020,upcoming_qcos,https://www.bis.gov.in/upcoming-qcos-notified-and-due-for-implementation/?lang=en,2026-09-26
13,,"01 October, 2026","Cooking Ranges, Hobs, Ovens and Similar Appliances",,"01 October, 2026",Department for Promotion of Industry and Internal Trade,IS 302 (Part 1) : 2024 IEC 60335-1:2020,upcoming_qcos,https://www.bis.gov.in/upcoming-qcos-notified-and-due-for-implementation/?lang=en,2026-09-26
13,,"01 October, 2026","Electrical Shavers Hair, Clippers and Similar Appliances",,"01 October, 2026",Department for Promotion of Industry and Internal Trade,IS 302 (Part 1) : 2024 IEC 60335-1:2020,upcoming_qcos,https://www.bis.gov.in/upcoming-qcos-notified-and-due-for-implementation/?lang=en,2026-09-26
13,,"01 October, 2026",Tumbler Dryers,,"01 October, 2026",Department for Promotion of Industry and Internal Trade,IS 302 (Part 1) : 2024 IEC 60335-1:2020,upcoming_qcos,https://www.bis.gov.in/upcoming-qcos-notified-and-due-for-implementation/?lang=en,2026-09-26
13,,"01 October, 2026",Warming Plates and Similar Appliances,,"01 October, 2026",Department for Promotion of Industry and Internal Trade,IS 302 (Part 1) : 2024 IEC 60335-1:2020,upcoming_qcos,https://www.bis.gov.in/upcoming-qcos-notified-and-due-for-implementation/?lang=en,2026-09-26
13,,"01 October, 2026","Frying Pans, Deep Fat Fryers and similar appliances",,"01 October, 2026",Department for Promotion of Industry and Internal Trade,IS 302 (Part 1) : 2024 IEC 60335-1:2020,upcoming_qcos,https://www.bis.gov.in/upcoming-qcos-notified-and-due-for-implementation/?lang=en,2026-09-26
13,,"01 October, 2026",Appliances for Heating Liquids,,"01 October, 2026",Department for Promotion of Industry and Internal Trade,IS 302 (Part 1) : 2024 IEC 60335-1:2020,upcoming_qcos,https://www.bis.gov.in/upcoming-qcos-notified-and-due-for-implementation/?lang=en,2026-09-26
13,,"01 October, 2026",Massage Appliances,,"01 October, 2026",Department for Promotion of Industry and Internal Trade,IS 302 (Part 1) : 2024 IEC 60335-1:2020,upcoming_qcos,https://www.bis.gov.in/upcoming-qcos-notified-and-due-for-implementation/?lang=en,2026-09-26
13,,"01 October, 2026","Electric Forced Convection Ovens, Steam Cookers and Steam -Convection Ovens",,"01 October, 2026",Department for Promotion of Industry and Internal Trade,IS 302 (Part 1) : 2024 IEC 60335-1:2020,upcoming_qcos,https://www.bis.gov.in/upcoming-qcos-notified-and-due-for-implementation/?lang=en,2026-09-26
13,,"01 October, 2026",Electric Heating Tools,,"01 October, 2026",Department for Promotion of Industry and Internal Trade,IS 302 (Part 1) : 2024 IEC 60335-1:2020,upcoming_qcos,https://www.bis.gov.in/upcoming-qcos-notified-and-due-for-implementation/?lang=en,2026-09-26
13,,"01 October, 2026",Electric Steam Cookers,,"01 October, 2026",Department for Promotion of Industry and Internal Trade,IS 302 (Part 1) : 2024 IEC 60335-1:2020,upcoming_qcos,https://www.bis.gov.in/upcoming-qcos-notified-and-due-for-implementation/?lang=en,2026-09-26
13,,"01 October, 2026",Insect Killers,,"01 October, 2026",Department for Promotion of Industry and Internal Trade,IS 302 (Part 1) : 2024 IEC 60335-1:2020,upcoming_qcos,https://www.bis.gov.in/upcoming-qcos-notified-and-due-for-implementation/?lang=en,2026-09-26
13,,"01 October, 2026",Electric Call Bells and Buzzers for Indoor Use,,"01 October, 2026",Department for Promotion of Industry and Internal Trade,IS 302 (Part 1) : 2024 IEC 60335-1:2020,upcoming_qcos,https://www.bis.gov.in/upcoming-qcos-notified-and-due-for-implementation/?lang=en,2026-09-26
13,,"01 October, 2026",Electric Water Boilers,,"01 October, 2026",Department for Promotion of Industry and Internal Trade,IS 302 (Part 1) : 2024 IEC 60335-1:2020,upcoming_qcos,https://www.bis.gov.in/upcoming-qcos-notified-and-due-for-implementation/?lang=en,2026-09-26
13,,"01 October, 2026",Electric Coffee Makers,,"01 October, 2026",Department for Promotion of Industry and Internal Trade,IS 302 (Part 1) : 2024 IEC 60335-1:2020,upcoming_qcos,https://www.bis.gov.in/upcoming-qcos-notified-and-due-for-implementation/?lang=en,2026-09-26
13,,"01 October, 2026",Electric Bean Slicers,,"01 October, 2026",Department for Promotion of Industry and Internal Trade,IS 302 (Part 1) : 2024 IEC 60335-1:2020,upcoming_qcos,https://www.bis.gov.in/upcoming-qcos-notified-and-due-for-implementation/?lang=en,2026-09-26
13,,"01 October, 2026",Electric Berryjuice Extractors,,"01 October, 2026",Department for Promotion of Industry and Internal Trade,IS 302 (Part 1) : 2024 IEC 60335-1:2020,upcoming_qcos,https://www.bis.gov.in/upcoming-qcos-notified-and-due-for-implementation/?lang=en,2026-09-26
13,,"01 October, 2026",Electric Can Openers,,"01 October, 2026",Department for Promotion of Industry and Internal Trade,IS 302 (Part 1) : 2024 IEC 60335-1:2020,upcoming_qcos,https://www.bis.gov.in/upcoming-qcos-notified-and-due-for-implementation/?lang=en,2026-09-26
13,,"01 October, 2026",Electric Centrifugal Juicers,,"01 October, 2026",Department for Promotion of Industry and Internal Trade,IS 302 (Part 1) : 2024 IEC 60335-1:2020,upcoming_qcos,https://www.bis.gov.in/upcoming-qcos-notified-and-due-for-implementation/?lang=en,2026-09-26
13,,"01 October, 2026",Electric Churn,,"01 October, 2026",Department for Promotion of Industry and Internal Trade,IS 302 (Part 1) : 2024 IEC 60335-1:2020,upcoming_qcos,https://www.bis.gov.in/upcoming-qcos-notified-and-due-for-implementation/?lang=en,2026-09-26
13,,"01 October, 2026",Electric Citrusfruit Squeezers,,"01 October, 2026",Department for Promotion of Industry and Internal Trade,IS 302 (Part 1) : 2024 IEC 60335-1:2020,upcoming_qcos,https://www.bis.gov.in/upcoming-qcos-notified-and-due-for-implementation/?lang=en,2026-09-26
13,,"01 October, 2026",Electric Coffee Mills not exceeding 500g hopper capacity,,"01 October, 2026",Department for Promotion of Industry and Internal Trade,IS 302 (Part 1) : 2024 IEC 60335-1:2020,upcoming_qcos,https://www.bis.gov.in/upcoming-qcos-notified-and-due-for-implementation/?lang=en,2026-09-26
13,,"01 October, 2026",Electric Cream Whippers,,"01 October, 2026",Department for Promotion of Industry and Internal Trade,IS 302 (Part 1) : 2024 IEC 60335-1:2020,upcoming_qcos,https://www.bis.gov.in/upcoming-qcos-notified-and-due-for-implementation/?lang=en,2026-09-26
13,,"01 October, 2026",Electric Egg Beaters,,"01 October, 2026",Department for Promotion of Industry and Internal Trade,IS 302 (Part 1) : 2024 IEC 60335-1:2020,upcoming_qcos,https://www.bis.gov.in/upcoming-qcos-notified-and-due-for-implementation/?lang=en,2026-09-26
13,,"01 October, 2026",Electric Food Processors,,"01 October, 2026",Department for Promotion of Industry and Internal Trade,IS 302 (Part 1) : 2024 IEC 60335-1:2020,upcoming_qcos,https://www.bis.gov.in/upcoming-qcos-notified-and-due-for-implementation/?lang=en,2026-09-26
13,,"01 October, 2026",Electric Grain Grinders not exceeding 3l hopper capacity,,"01 October, 2026",Department for Promotion of Industry and Internal Trade,IS 302 (Part 1) : 2024 IEC 60335-1:2020,upcoming_qcos,https://www.bis.gov.in/upcoming-qcos-notified-and-due-for-implementation/?lang=en,2026-09-26
13,,"01 October, 2026",Electric Graters,,"01 October, 2026",Department for Promotion of Industry and Internal Trade,IS 302 (Part 1) : 2024 IEC 60335-1:2020,upcoming_qcos,https://www.bis.gov.in/upcoming-qcos-notified-and-due-for-implementation/?lang=en,2026-09-26
13,,"01 October, 2026","Electric IceCream Machines, including those for use in refrigerators and freezers",,"01 October, 2026",Department for Promotion of Industry and Internal Trade,IS 302 (Part 1) : 2024 IEC 60335-1:2020,upcoming_qcos,https://www.bis.gov.in/upcoming-qcos-notified-and-due-for-implementation/?lang=en,2026-09-26
13,,"01 October, 2026",Electric Knife Sharpeners,,"01 October, 2026",Department for Promotion of Industry and Internal Trade,IS 302 (Part 1) : 2024 IEC 60335-1:2020,upcoming_qcos,https://www.bis.gov.in/upcoming-qcos-notified-and-due-for-implementation/?lang=en,2026-09-26
13,,"01 October, 2026",Electric Knives,,"01 October, 2026",Department for Promotion of Industry and Internal Trade,IS 302 (Part 1) : 2024 IEC 60335-1:2020,upcoming_qcos,https://www.bis.gov.in/upcoming-qcos-notified-and-due-for-implementation/?lang=en,2026-09-26
13,,"01 October, 2026",Electric Noodle Makers,,"01 October, 2026",Department for Promotion of Industry and Internal Trade,IS 302 (Part 1) : 2024 IEC 60335-1:2020,upcoming_qcos,https://www.bis.gov.in/upcoming-qcos-notified-and-due-for-implementation/?lang=en,2026-09-26
13,,"01 October, 2026",Electric Potato Peelers,,"01 October, 2026",Department for Promotion of Industry and Internal Trade,IS 302 (Part 1) : 2024 IEC 60335-1:2020,upcoming_qcos,https://www.bis.gov.in/upcoming-qcos-notified-and-due-for-implementation/?lang=en,2026-09-26
13,,"01 October, 2026",Electric Shredders,,"01 October, 2026",Department for Promotion of Industry and Internal Trade,IS 302 (Part 1) : 2024 IEC 60335-1:2020,upcoming_qcos,https://www.bis.gov.in/upcoming-qcos-notified-and-due-for-implementation/?lang=en,2026-09-26
13,,"01 October, 2026",Electric Sieving Machines,,"01 October, 2026",Department for Promotion of Industry and Internal Trade,IS 302 (Part 1) : 2024 IEC 60335-1:2020,upcoming_qcos,https://www.bis.gov.in/upcoming-qcos-notified-and-due-for-implementation/?lang=en,2026-09-26
13,,"01 October, 2026",Slicing Machines,,"01 October, 2026",Department for Promotion of Industry and Internal Trade,IS 302 (Part 1) : 2024 IEC 60335-1:2020,upcoming_qcos,https://www.bis.gov.in/upcoming-qcos-notified-and-due-for-implementation/?lang=en,2026-09-26
13,,"01 October, 2026",Electric Hot Plates,,"01 October, 2026",Department for Promotion of Industry and Internal Trade,IS 302 (Part 1) : 2024 IEC 60335-1:2020,upcoming_qcos,https://www.bis.gov.in/upcoming-qcos-notified-and-due-for-implementation/?lang=en,2026-09-26
13,,"01 October, 2026",Single Walled Baking Ovens,,"01 October, 2026",Department for Promotion of Industry and Internal Trade,IS 302 (Part 1) : 2024 IEC 60335-1:2020,upcoming_qcos,https://www.bis.gov.in/upcoming-qcos-notified-and-due-for-implementation/?lang=en,2026-09-26
13,,"01 October, 2026",Low Speed Food Grinding Machines,,"01 October, 2026",Department for Promotion of Industry and Internal Trade,IS 302 (Part 1) : 2024 IEC 60335-1:2020,upcoming_qcos,https://www.bis.gov.in/upcoming-qcos-notified-and-due-for-implementation/?lang=en,2026-09-26
13,,"01 October, 2026",Dishwashers,,"01 October, 2026",Department for Promotion of Industry and Internal Trade,IS 302 (Part 1) : 2024 IEC 60335-1:2020,upcoming_qcos,https://www.bis.gov.in/upcoming-qcos-notified-and-due-for-implementation/?lang=en,2026-09-26
13,,"01 October, 2026",Floor Treatment Machines and Wet Scrubbing Machines,,"01 October, 2026",Department for Promotion of Industry and Internal Trade,IS 302 (Part 1) : 2024 IEC 60335-1:2020,upcoming_qcos,https://www.bis.gov.in/upcoming-qcos-notified-and-due-for-implementation/?lang=en,2026-09-26
13,,"01 October, 2026",Food Waste Disposers,,"01 October, 2026",Department for Promotion of Industry and Internal Trade,IS 302 (Part 1) : 2024 IEC 60335-1:2020,upcoming_qcos,https://www.bis.gov.in/upcoming-qcos-notified-and-due-for-implementation/?lang=en,2026-09-26
13,,"01 October, 2026","Blankets, Pads, Clothing and Similar Flexible Heating Appliances",,"01 October, 2026",Department for Promotion of Industry and Internal Trade,IS 302 (Part 1) : 2024 IEC 60335-1:2020,upcoming_qcos,https://www.bis.gov.in/upcoming-qcos-notified-and-due-for-implementation/?lang=en,2026-09-26
13,,"01 October, 2026",Appliances for Skin Exposure to Optical Radiation,,"01 October, 2026",Department for Promotion of Industry and Internal Trade,IS 302 (Part 1) : 2024 IEC 60335-1:2020,upcoming_qcos,https://www.bis.gov.in/upcoming-qcos-notified-and-due-for-implementation/?lang=en,2026-09-26
13,,"01 October, 2026","Commercial Electric Cooking Ranges, Ovens, Hobs and Hob Elements",,"01 October, 2026",Department for Promotion of Industry and Internal Trade,IS 302 (Part 1) : 2024 IEC 60335-1:2020,upcoming_qcos,https://www.bis.gov.in/upcoming-qcos-notified-and-due-for-implementation/?lang=en,2026-09-26
13,,"01 October, 2026",Commercial Electric Doughnut Fryers and Deep Fat Fryers,,"01 October, 2026",Department for Promotion of Industry and Internal Trade,IS 302 (Part 1) : 2024 IEC 60335-1:2020,upcoming_qcos,https://www.bis.gov.in/upcoming-qcos-notified-and-due-for-implementation/?lang=en,2026-09-26
13,,"01 October, 2026",Commercial Electric Griddles and Griddle Grills,,"01 October, 2026",Department for Promotion of Industry and Internal Trade,IS 302 (Part 1) : 2024 IEC 60335-1:2020,upcoming_qcos,https://www.bis.gov.in/upcoming-qcos-notified-and-due-for-implementation/?lang=en,2026-09-26
13,,"01 October, 2026",Commercial Electric Multi – purpose Cooking Pans,,"01 October, 2026",Department for Promotion of Industry and Internal Trade,IS 302 (Part 1) : 2024 IEC 60335-1:2020,upcoming_qcos,https://www.bis.gov.in/upcoming-qcos-notified-and-due-for-implementation/?lang=en,2026-09-26
13,,"01 October, 2026","Commercial Electric Forced Convection Ovens, Steam Cookers and Steam – Convection Ovens",,"01 October, 2026",Department for Promotion of Industry and Internal Trade,IS 302 (Part 1) : 2024 IEC 60335-1:2020,upcoming_qcos,https://www.bis.gov.in/upcoming-qcos-notified-and-due-for-implementation/?lang=en,2026-09-26
13,,"01 October, 2026",Clothes Dryers and Towel Rails,,"01 October, 2026",Department for Promotion of Industry and Internal Trade,IS 302 (Part 1) : 2024 IEC 60335-1:2020,upcoming_qcos,https://www.bis.gov.in/upcoming-qcos-notified-and-due-for-implementation/?lang=en,2026-09-26
13,,"01 October, 2026",Commercial Electric Boiling Pans,,"01 October, 2026",Department for Promotion of Industry and Internal Trade,IS 302 (Part 1) : 2024 IEC 60335-1:2020,upcoming_qcos,https://www.bis.gov.in/upcoming-qcos-notified-and-due-for-implementation/?lang=en,2026-09-26
13,,"01 October, 2026",Commercial Electric Grillers and Toasters,,"01 October, 2026",Department for Promotion of Industry and Internal Trade,IS 302 (Part 1) : 2024 IEC 60335-1:2020,upcoming_qcos,https://www.bis.gov.in/upcoming-qcos-notified-and-due-for-implementation/?lang=en,2026-09-26
13,,"01 October, 2026",Commercial Electric Appliances for keeping Food and Crockery Warm,,"01 October, 2026",Department for Promotion of Industry and Internal Trade,IS 302 (Part 1) : 2024 IEC 60335-1:2020,upcoming_qcos,https://www.bis.gov.in/upcoming-qcos-notified-and-due-for-implementation/?lang=en,2026-09-26
13,,"01 October, 2026",Commercial Electric BainsMarie,,"01 October, 2026",Department for Promotion of Industry and Internal Trade,IS 302 (Part 1) : 2024 IEC 60335-1:2020,upcoming_qcos,https://www.bis.gov.in/upcoming-qcos-notified-and-due-for-implementation/?lang=en,2026-09-26
13,,"01 October, 2026",Oral Hygiene Appliances,,"01 October, 2026",Department for Promotion of Industry and Internal Trade,IS 302 (Part 1) : 2024 IEC 60335-1:2020,upcoming_qcos,https://www.bis.gov.in/upcoming-qcos-notified-and-due-for-implementation/?lang=en,2026-09-26
13,,"01 October, 2026",Sauna Heating Appliances and Infrared Cabins,,"01 October, 2026",Department for Promotion of Industry and Internal Trade,IS 302 (Part 1) : 2024 IEC 60335-1:2020,upcoming_qcos,https://www.bis.gov.in/upcoming-qcos-notified-and-due-for-implementation/?lang=en,2026-09-26
13,,"01 October, 2026",Surface-Cleaning Appliances for Household use Employing Liquids or Steam,,"01 October, 2026",Department for Promotion of Industry and Internal Trade,IS 302 (Part 1) : 2024 IEC 60335-1:2020,upcoming_qcos,https://www.bis.gov.in/upcoming-qcos-notified-and-due-for-implementation/?lang=en,2026-09-26
13,,"01 October, 2026",Electrical Appliances for use with Aquariums and Garden Ponds,,"01 October, 2026",Department for Promotion of Industry and Internal Trade,IS 302 (Part 1) : 2024 IEC 60335-1:2020,upcoming_qcos,https://www.bis.gov.in/upcoming-qcos-notified-and-due-for-implementation/?lang=en,2026-09-26
13,,"01 October, 2026",Commercial Electric Dishwashing Machines,,"01 October, 2026",Department for Promotion of Industry and Internal Trade,IS 302 (Part 1) : 2024 IEC 60335-1:2020,upcoming_qcos,https://www.bis.gov.in/upcoming-qcos-notified-and-due-for-implementation/?lang=en,2026-09-26
13,,"01 October, 2026",Whirlpool Baths and Whirlpool Spas,,"01 October, 2026",Department for Promotion of Industry and Internal Trade,IS 302 (Part 1) : 2024 IEC 60335-1:2020,upcoming_qcos,https://www.bis.gov.in/upcoming-qcos-notified-and-due-for-implementation/?lang=en,2026-09-26
13,,"01 October, 2026",Thermal Storage Room Heaters,,"01 October, 2026",Department for Promotion of Industry and Internal Trade,IS 302 (Part 1) : 2024 IEC 60335-1:2020,upcoming_qcos,https://www.bis.gov.in/upcoming-qcos-notified-and-due-for-implementation/?lang=en,2026-09-26
13,,"01 October, 2026",Commercial Electric Rinsing Sinks,,"01 October, 2026",Department for Promotion of Industry and Internal Trade,IS 302 (Part 1) : 2024 IEC 60335-1:2020,upcoming_qcos,https://www.bis.gov.in/upcoming-qcos-notified-and-due-for-implementation/?lang=en,2026-09-26
13,,"01 October, 2026",Commercial Electric Kitchen Machines,,"01 October, 2026",Department for Promotion of Industry and Internal Trade,IS 302 (Part 1) : 2024 IEC 60335-1:2020,upcoming_qcos,https://www.bis.gov.in/upcoming-qcos-notified-and-due-for-implementation/?lang=en,2026-09-26
13,,"01 October, 2026",Air-Cleaning Appliances,,"01 October, 2026",Department for Promotion of Industry and Internal Trade,IS 302 (Part 1) : 2024 IEC 60335-1:2020,upcoming_qcos,https://www.bis.gov.in/upcoming-qcos-notified-and-due-for-implementation/?lang=en,2026-09-26
13,,"01 October, 2026",Water-Bed Heaters,,"01 October, 2026",Department for Promotion of Industry and Internal Trade,IS 302 (Part 1) : 2024 IEC 60335-1:2020,upcoming_qcos,https://www.bis.gov.in/upcoming-qcos-notified-and-due-for-implementation/?lang=en,2026-09-26
13,,"01 October, 2026",Fixed Immersion Heaters,,"01 October, 2026",Department for Promotion of Industry and Internal Trade,IS 302 (Part 1) : 2024 IEC 60335-1:2020,upcoming_qcos,https://www.bis.gov.in/upcoming-qcos-notified-and-due-for-implementation/?lang=en,2026-09-26
13,,"01 October, 2026",Outdoor Barbecues,,"01 October, 2026",Department for Promotion of Industry and Internal Trade,IS 302 (Part 1) : 2024 IEC 60335-1:2020,upcoming_qcos,https://www.bis.gov.in/upcoming-qcos-notified-and-due-for-implementation/?lang=en,2026-09-26
13,,"01 October, 2026",Foot Warmers and Heating Mats,,"01 October, 2026",Department for Promotion of Industry and Internal Trade,IS 302 (Part 1) : 2024 IEC 60335-1:2020,upcoming_qcos,https://www.bis.gov.in/upcoming-qcos-notified-and-due-for-implementation/?lang=en,2026-09-26
13,,"01 October, 2026",Amusement Machines and Personal Service Machines,,"01 October, 2026",Department for Promotion of Industry and Internal Trade,IS 302 (Part 1) : 2024 IEC 60335-1:2020,upcoming_qcos,https://www.bis.gov.in/upcoming-qcos-notified-and-due-for-implementation/?lang=en,2026-09-26
13,,"01 October, 2026",Toilet Appliances,,"01 October, 2026",Department for Promotion of Industry and Internal Trade,IS 302 (Part 1) : 2024 IEC 60335-1:2020,upcoming_qcos,https://www.bis.gov.in/upcoming-qcos-notified-and-due-for-implementation/?lang=en,2026-09-26
13,,"01 October, 2026",Fabric Steamers,,"01 October, 2026",Department for Promotion of Industry and Internal Trade,IS 302 (Part 1) : 2024 IEC 60335-1:2020,upcoming_qcos,https://www.bis.gov.in/upcoming-qcos-notified-and-due-for-implementation/?lang=en,2026-09-26
13,,"01 October, 2026",Drives for Vertically Moving Garage Doors for Residential Use,,"01 October, 2026",Department for Promotion of Industry and Internal Trade,IS 302 (Part 1) : 2024 IEC 60335-1:2020,upcoming_qcos,https://www.bis.gov.in/upcoming-qcos-notified-and-due-for-implementation/?lang=en,2026-09-26
13,,"01 October, 2026",Humidifiers,,"01 October, 2026",Department for Promotion of Industry and Internal Trade,IS 302 (Part 1) : 2024 IEC 60335-1:2020,upcoming_qcos,https://www.bis.gov.in/upcoming-qcos-notified-and-due-for-implementation/?lang=en,2026-09-26
13,,"01 October, 2026",Commercial Electric Hoods,,"01 October, 2026",Department for Promotion of Industry and Internal Trade,IS 302 (Part 1) : 2024 IEC 60335-1:2020,upcoming_qcos,https://www.bis.gov.in/upcoming-qcos-notified-and-due-for-implementation/?lang=en,2026-09-26
13,,"01 October, 2026",Vaporizers,,"01 October, 2026",Department for Promotion of Industry and Internal Trade,IS 302 (Part 1) : 2024 IEC 60335-1:2020,upcoming_qcos,https://www.bis.gov.in/upcoming-qcos-notified-and-due-for-implementation/?lang=en,2026-09-26
13,,"01 October, 2026","Gas, Oil and Solid-Fuel Burning Appliances Having Electrical Connections",,"01 October, 2026",Department for Promotion of Industry and Internal Trade,IS 302 (Part 1) : 2024 IEC 60335-1:2020,upcoming_qcos,https://www.bis.gov.in/upcoming-qcos-notified-and-due-for-implementation/?lang=en,2026-09-26
13,,"01 October, 2026",Electrolysers,,"01 October, 2026",Department for Promotion of Industry and Internal Trade,IS 302 (Part 1) : 2024 IEC 60335-1:2020,upcoming_qcos,https://www.bis.gov.in/upcoming-qcos-notified-and-due-for-implementation/?lang=en,2026-09-26
13,,"01 October, 2026",Beauty Care Appliances Incorporating Lasers and Intense Light Sources,,"01 October, 2026",Department for Promotion of Industry and Internal Trade,IS 302 (Part 1) : 2024 IEC 60335-1:2020,upcoming_qcos,https://www.bis.gov.in/upcoming-qcos-notified-and-due-for-implementation/?lang=en,2026-09-26
13,,"01 October, 2026",Personal-eTransporters,,"01 October, 2026",Department for Promotion of Industry and Internal Trade,IS 302 (Part 1) : 2024 IEC 60335-1:2020,upcoming_qcos,https://www.bis.gov.in/upcoming-qcos-notified-and-due-for-implementation/?lang=en,2026-09-26
13,,"01 October, 2026",Skin Beauty Care Appliances,,"01 October, 2026",Department for Promotion of Industry and Internal Trade,IS 302 (Part 1) : 2024 IEC 60335-1:2020,upcoming_qcos,https://www.bis.gov.in/upcoming-qcos-notified-and-due-for-implementation/?lang=en,2026-09-26
13,,"01 October, 2026",Furniture with Electrically Motorized Parts,,"01 October, 2026",Department for Promotion of Industry and Internal Trade,IS 302 (Part 1) : 2024 IEC 60335-1:2020,upcoming_qcos,https://www.bis.gov.in/upcoming-qcos-notified-and-due-for-implementation/?lang=en,2026-09-26
13,,"01 October, 2026",Commercial Vacuum Packaging Appliances,,"01 October, 2026",Department for Promotion of Industry and Internal Trade,IS 302 (Part 1) : 2024 IEC 60335-1:2020,upcoming_qcos,https://www.bis.gov.in/upcoming-qcos-notified-and-due-for-implementation/?lang=en,2026-09-26
13,,"01 October, 2026",Hand held electric Engraving Tools,,"01 October, 2026",Department for Promotion of Industry and Internal Trade,IS 302 (Part 1) : 2024 IEC 60335-1:2020,upcoming_qcos,https://www.bis.gov.in/upcoming-qcos-notified-and-due-for-implementation/?lang=en,2026-09-26
13,,"01 October, 2026",DC supplied/ battery-operated vacuum cleaners,,"01 October, 2026",Department for Promotion of Industry and Internal Trade,IS 302 (Part 1) : 2024 IEC 60335-1:2020,upcoming_qcos,https://www.bis.gov.in/upcoming-qcos-notified-and-due-for-implementation/?lang=en,2026-09-26
13,,"01 October, 2026","DC supplied/ battery-operated shavers, trimmers, clippers and similar appliances",,"01 October, 2026",Department for Promotion of Industry and Internal Trade,IS 302 (Part 1) : 2024 IEC 60335-1:2020,upcoming_qcos,https://www.bis.gov.in/upcoming-qcos-notified-and-due-for-implementation/?lang=en,2026-09-26
13,,"01 October, 2026",DC supplied/ battery-operated Massage appliances,,"01 October, 2026",Department for Promotion of Industry and Internal Trade,IS 302 (Part 1) : 2024 IEC 60335-1:2020,upcoming_qcos,https://www.bis.gov.in/upcoming-qcos-notified-and-due-for-implementation/?lang=en,2026-09-26
13,,"01 October, 2026","DC supplied/ battery-operated blenders, juicers",,"01 October, 2026",Department for Promotion of Industry and Internal Trade,IS 302 (Part 1) : 2024 IEC 60335-1:2020,upcoming_qcos,https://www.bis.gov.in/upcoming-qcos-notified-and-due-for-implementation/?lang=en,2026-09-26
13,,"01 October, 2026",DC supplied/ battery-operated toothbrush and other oral hygiene appliances,,"01 October, 2026",Department for Promotion of Industry and Internal Trade,IS 302 (Part 1) : 2024 IEC 60335-1:2020,upcoming_qcos,https://www.bis.gov.in/upcoming-qcos-notified-and-due-for-implementation/?lang=en,2026-09-26
13,,"01 October, 2026",DC supplied/ battery-operated foot warmer and heating mats,,"01 October, 2026",Department for Promotion of Industry and Internal Trade,IS 302 (Part 1) : 2024 IEC 60335-1:2020,upcoming_qcos,https://www.bis.gov.in/upcoming-qcos-notified-and-due-for-implementation/?lang=en,2026-09-26
13,,"01 October, 2026",DC supplied/ battery-operated air purifier,,"01 October, 2026",Department for Promotion of Industry and Internal Trade,IS 302 (Part 1) : 2024 IEC 60335-1:2020,upcoming_qcos,https://www.bis.gov.in/upcoming-qcos-notified-and-due-for-implementation/?lang=en,2026-09-26
14,,IS 11652 : 2017,Textiles — High Density Polyethylene (HDPE)/ Polypropylene (PP) Woven Sacks for Packaging of 50 kg Cement,,06 October 2026,Department of Chemicals and Petrochemicals,Textiles — High Density Polyethylene (HDPE)/ Polypropylene (PP) Woven Sacks for Packaging of 50 kg Cement,upcoming_qcos,https://www.bis.gov.in/upcoming-qcos-notified-and-due-for-implementation/?lang=en,2026-09-26
15,,IS 17399 : 2020,"Textiles — Polypropylene (PP)/ High Density Polyethylene (HDPE) Laminated Woven Sacks for Mail Sorting, Storage, Transport and Distribution",,06 October 2026,Department of Chemicals and Petrochemicals,"Textiles — Polypropylene (PP)/ High Density Polyethylene (HDPE) Laminated Woven Sacks for Mail Sorting, Storage, Transport and Distribution",upcoming_qcos,https://www.bis.gov.in/upcoming-qcos-notified-and-due-for-implementation/?lang=en,2026-09-26
16,,IS 16709 : 2017,"Textiles — Polypropylene (PP) Woven, Laminated, Block Bottom Valve Sacks for Packaging of 50 kg Cement",,06 October 2026,Department of Chemicals and Petrochemicals,"Textiles — Polypropylene (PP) Woven, Laminated, Block Bottom Valve Sacks for Packaging of 50 kg Cement",upcoming_qcos,https://www.bis.gov.in/upcoming-qcos-notified-and-due-for-implementation/?lang=en,2026-09-26
17,,IS 733:1983,"Wrought aluminium and aluminium alloy bars, rods and sections (For General Engineering Purposes)",,01 December 2026,Department for Promotion of Industry and Internal Trade,"Wrought aluminium and aluminium alloy bars, rods and sections (For General Engineering Purposes)",upcoming_qcos,https://www.bis.gov.in/upcoming-qcos-notified-and-due-for-implementation/?lang=en,2026-09-26
18,,IS 734:1975,"Wrought aluminium and aluminium alloys, forging stock and forgings for general engineering purposes",,01 December 2026,Department for Promotion of Industry and Internal Trade,"Wrought aluminium and aluminium alloys, forging stock and forgings for general engineering purposes",upcoming_qcos,https://www.bis.gov.in/upcoming-qcos-notified-and-due-for-implementation/?lang=en,2026-09-26
19,,IS 736:1986,Wrought aluminium and aluminium alloy plate for general engineering purposes,,01 December 2026,Department for Promotion of Industry and Internal Trade,Wrought aluminium and aluminium alloy plate for general engineering purposes,upcoming_qcos,https://www.bis.gov.in/upcoming-qcos-notified-and-due-for-implementation/?lang=en,2026-09-26
20,,IS 737:2008,Wrought aluminium and aluminium alloy sheet and strip for general engineering purposes,,01 December 2026,Department for Promotion of Industry and Internal Trade,Wrought aluminium and aluminium alloy sheet and strip for general engineering purposes,upcoming_qcos,https://www.bis.gov.in/upcoming-qcos-notified-and-due-for-implementation/?lang=en,2026-09-26
21,,IS 739:1992,Wrought aluminium and aluminium alloy wire for general engineering purposes,,01 December 2026,Department for Promotion of Industry and Internal Trade,Wrought aluminium and aluminium alloy wire for general engineering purposes,upcoming_qcos,https://www.bis.gov.in/upcoming-qcos-notified-and-due-for-implementation/?lang=en,2026-09-26
22,,IS 740:1977,Wrought aluminium and aluminium alloy rivet stock for general engineering purposes,,01 December 2026,Department for Promotion of Industry and Internal Trade,Wrought aluminium and aluminium alloy rivet stock for general engineering purposes,upcoming_qcos,https://www.bis.gov.in/upcoming-qcos-notified-and-due-for-implementation/?lang=en,2026-09-26
23,,IS 1285:2002,Wrought aluminium and aluminium alloys- Extruded round tube and hollow section for general engineering purposes,,01 December 2026,Department for Promotion of Industry and Internal Trade,Wrought aluminium and aluminium alloys- Extruded round tube and hollow section for general engineering purposes,upcoming_qcos,https://www.bis.gov.in/upcoming-qcos-notified-and-due-for-implementation/?lang=en,2026-09-26
24,,IS 2067:1975,Wrought Aluminium Wire for Electrical Purposes,,01 December 2026,Department for Promotion of Industry and Internal Trade,Wrought Aluminium Wire for Electrical Purposes,upcoming_qcos,https://www.bis.gov.in/upcoming-qcos-notified-and-due-for-implementation/?lang=en,2026-09-26
25,,IS 21:1992,Wrought aluminium and aluminium alloys for manufacture of utensils,,01 December 2026,Department for Promotion of Industry and Internal Trade,Wrought aluminium and aluminium alloys for manufacture of utensils,upcoming_qcos,https://www.bis.gov.in/upcoming-qcos-notified-and-due-for-implementation/?lang=en,2026-09-26
26,,IS 5082:1998,"Wrought aluminium and aluminium alloy bars, rods, tubes, sections, plates and sheets for electrical applications",,01 December 2026,Department for Promotion of Industry and Internal Trade,"Wrought aluminium and aluminium alloy bars, rods, tubes, sections, plates and sheets for electrical applications",upcoming_qcos,https://www.bis.gov.in/upcoming-qcos-notified-and-due-for-implementation/?lang=en,2026-09-26
27,,IS 18112:2022,Digital Television Receiver for Satellite Broadcast Transmission,,26 January 2027,Ministry of Electronics and Information Technology,Digital Television Receiver for Satellite Broadcast Transmission,upcoming_qcos,https://www.bis.gov.in/upcoming-qcos-notified-and-due-for-implementation/?lang=en,2026-09-26
28,,IS 19348:2025,Glass Screen Protector– Specification,,01 April 2027,Ministry of Electronics and Information Technology,Glass Screen Protector– Specification,upcoming_qcos,https://www.bis.gov.in/upcoming-qcos-notified-and-due-for-implementation/?lang=en,2026-09-26
29,,IS 5175:2022,"Fibre Ropes — Polypropylene Split Film, Monofilament And Multifilament ( PP2 ) and Polypropylene High-Tenacity Multifilament ( PP3 ) —3-, 4-, 8- and 12- Strand Ropes",,05 June 2027,Ministry of Textiles,"Fibre Ropes — Polypropylene Split Film, Monofilament And Multifilament ( PP2 ) and Polypropylene High-Tenacity Multifilament ( PP3 ) —3-, 4-, 8- and 12- Strand Ropes",upcoming_qcos,https://www.bis.gov.in/upcoming-qcos-notified-and-due-for-implementation/?lang=en,2026-09-26
